Step,Obj_Name,Obj_X,Obj_Y,Deflection_dX,Max_Flow_Vel
0,FlexibleCylinder_0,200,100.0,0.0,0.02000199993769383
20,FlexibleCylinder_0,200,100.00001215312103,1.2153121034056752e-05,0.031241905162068335
40,FlexibleCylinder_0,200,100.0000594299457,5.9429945695200626e-05,0.03709538189844476
60,FlexibleCylinder_0,200,100.00012734934748,0.00012734934748135921,0.03910646698784356
80,FlexibleCylinder_0,200,100.00020408171015,0.00020408171014540293,0.03853767559904565
100,FlexibleCylinder_0,200,100.000321209891,0.0003212098909941567,0.03684011427129847
120,FlexibleCylinder_0,200,100.00046774633745,0.00046774633745378334,0.03584615241160824
140,FlexibleCylinder_0,200,100.00063387842496,0.0006338784249581229,0.03493293850860788
160,FlexibleCylinder_0,200,100.0008132144671,0.0008132144671038374,0.03425178615565414
180,FlexibleCylinder_0,200,100.00100347486844,0.0010034748684406693,0.033612741176321174
200,FlexibleCylinder_0,200,100.00120235428797,0.001202354287972939,0.033040358152023636
220,FlexibleCylinder_0,200,100.00140876253462,0.0014087625346245946,0.032742991883886775
240,FlexibleCylinder_0,200,100.00162113808561,0.0016211380856152242,0.03249645271911598
260,FlexibleCylinder_0,200,100.00183813190814,0.0018381319081407024,0.03225949779136057
280,FlexibleCylinder_0,200,100.0020542373676,0.0020542373675997245,0.03206662268810413
300,FlexibleCylinder_0,200,100.00197554087029,0.001975540870296128,0.032191236208076346
320,FlexibleCylinder_0,200,100.00204009823581,0.0020400982358132003,0.03230165273404223
340,FlexibleCylinder_0,200,100.00252569032658,0.002525690326579136,0.032253300573609846
360,FlexibleCylinder_0,200,100.00298529366952,0.0029852936695308617,0.03218800112595288
380,FlexibleCylinder_0,200,100.00326276090767,0.003262760907677887,0.03246524503759525
400,FlexibleCylinder_0,200,100.00346664601216,0.0034666460121547094,0.03267728262772266
420,FlexibleCylinder_0,200,100.00365119726588,0.0036511972658770614,0.032687365042496384
440,FlexibleCylinder_0,200,100.00387581185359,0.003875811853593838,0.032530537721437644
460,FlexibleCylinder_0,200,100.00413402945009,0.00413402945008143,0.032411071112982054
480,FlexibleCylinder_0,200,100.00439800569416,0.004398005694155045,0.03226496713386764
500,FlexibleCylinder_0,200,100.00465722327456,0.004657223274565064,0.032123023671375275
520,FlexibleCylinder_0,200,100.00491451263862,0.0049145126386139736,0.031990367141959526
540,FlexibleCylinder_0,200,100.00517253578231,0.005172535782302399,0.031874971862908115
560,FlexibleCylinder_0,200,100.00543145231744,0.005431452317444908,0.031769674585984904
580,FlexibleCylinder_0,200,100.00566113149122,0.005661131491225225,0.031717313706310035
600,FlexibleCylinder_0,200,100.00578895223896,0.005788952238964606,0.03170237305196958
620,FlexibleCylinder_0,200,100.00603820192454,0.006038201924536609,0.031693349019559724
640,FlexibleCylinder_0,200,100.00628494030285,0.006284940302849816,0.03173205118437001
660,FlexibleCylinder_0,200,100.00640654450129,0.006406544501283873,0.03325287152943402
680,FlexibleCylinder_0,200,100.00657103913777,0.0065710391377645245,0.03476833535414448
700,FlexibleCylinder_0,200,100.00689280728048,0.0068928072804740935,0.03368589978075497
720,FlexibleCylinder_0,200,100.00708063684353,0.00708063684353153,0.03291032553434342
740,FlexibleCylinder_0,200,100.00660916199249,0.006609161992483826,0.03394608124651745
760,FlexibleCylinder_0,200,100.00658452764594,0.006584527645938532,0.0338252417650614
780,FlexibleCylinder_0,200,100.00749443839925,0.007494438399246974,0.034088262197433966
800,FlexibleCylinder_0,200,100.00830698305063,0.00830698305062406,0.033058024444656005
820,FlexibleCylinder_0,200,100.00876239520835,0.008762395208353445,0.03206107535959623
840,FlexibleCylinder_0,200,100.00915605177599,0.009156051775989231,0.03135484846976746
860,FlexibleCylinder_0,200,100.00944093965843,0.009440939658435102,0.03085640978742746
880,FlexibleCylinder_0,200,100.00960687429357,0.009606874293565205,0.030691619485411145
900,FlexibleCylinder_0,200,100.00966533948433,0.009665339484329988,0.03074719099644674
920,FlexibleCylinder_0,200,100.00973875820267,0.00973875820266946,0.03128778169871877
940,FlexibleCylinder_0,200,100.00975192241917,0.00975192241917129,0.03197278431532282
960,FlexibleCylinder_0,200,100.0094565874188,0.00945658741880228,0.031964928819532536
980,FlexibleCylinder_0,200,100.00990666544632,0.009906665446318604,0.032131466480456894
1000,FlexibleCylinder_0,200,100.01061824724826,0.010618247248266405,0.032637174171012154
1020,FlexibleCylinder_0,200,100.0109897075542,0.010989707554199292,0.03224737641421031
1040,FlexibleCylinder_0,200,100.01071908930486,0.010719089304861774,0.03175406385032602
1060,FlexibleCylinder_0,200,100.01081523887227,0.010815238872270474,0.031421980124397245
1080,FlexibleCylinder_0,200,100.01132708861347,0.01132708861346656,0.03129207548904234
1100,FlexibleCylinder_0,200,100.0118802816608,0.011880281660797637,0.031180787182708922
1120,FlexibleCylinder_0,200,100.01212809118435,0.012128091184346521,0.03112745097195662
1140,FlexibleCylinder_0,200,100.01206993553578,0.012069935535776007,0.03115440399922705
1160,FlexibleCylinder_0,200,100.01191152634819,0.01191152634818906,0.031204463672680777
1180,FlexibleCylinder_0,200,100.01180936761719,0.011809367617194179,0.031415199380411755
1200,FlexibleCylinder_0,200,100.01110981625006,0.011109816250051013,0.031593689212802846
1220,FlexibleCylinder_0,200,100.00990102038391,0.00990102038390419,0.03148692252829137
1240,FlexibleCylinder_0,200,100.00993297422362,0.009932974223619023,0.03137947222278225
1260,FlexibleCylinder_0,200,100.01125531320687,0.01125531320687369,0.03157151270914501
1280,FlexibleCylinder_0,200,100.01272449339368,0.012724493393680397,0.0318051677767255
1300,FlexibleCylinder_0,200,100.01364361398981,0.013643613989819668,0.031617167591271714
1320,FlexibleCylinder_0,200,100.01368197276248,0.01368197276248046,0.03151686264628554
1340,FlexibleCylinder_0,200,100.01360510785888,0.013605107858884429,0.031248713052139932
1360,FlexibleCylinder_0,200,100.01362370132925,0.013623701329253687,0.0308330370701745
1380,FlexibleCylinder_0,200,100.0135804935357,0.013580493535692703,0.030732504626814608
1400,FlexibleCylinder_0,200,100.0134246705579,0.013424670557900439,0.030993875778167194
1420,FlexibleCylinder_0,200,100.01352900809442,0.013529008094419218,0.030853919522500006
1440,FlexibleCylinder_0,200,100.01386232118934,0.013862321189337477,0.03062167752012623
1460,FlexibleCylinder_0,200,100.01404167820608,0.014041678206082087,0.03072819279627233
1480,FlexibleCylinder_0,200,100.01400550423443,0.014005504234429582,0.031046386669199712
1500,FlexibleCylinder_0,200,100.0139442236963,0.013944223696299454,0.031117017297366587
1520,FlexibleCylinder_0,200,100.01419843974858,0.014198439748578923,0.031006947369563432
1540,FlexibleCylinder_0,200,100.0145096114693,0.0145096114692998,0.030817357690167232
1560,FlexibleCylinder_0,200,100.01462004158529,0.014620041585294457,0.030853509617145954
1580,FlexibleCylinder_0,200,100.01444295466223,0.014442954662235682,0.03121634429102458
1600,FlexibleCylinder_0,200,100.01410112738975,0.01410112738974642,0.03131408897412072
1620,FlexibleCylinder_0,200,100.0140821914082,0.014082191408202552,0.031306572035922256
1640,FlexibleCylinder_0,200,100.01429346209521,0.014293462095211786,0.031230817840780734
1660,FlexibleCylinder_0,200,100.01431513886183,0.014315138861838092,0.031212277879399564
1680,FlexibleCylinder_0,200,100.01417052179066,0.014170521790658466,0.031089783247271227
1700,FlexibleCylinder_0,200,100.01416824534819,0.014168245348186509,0.030944531090944735
1720,FlexibleCylinder_0,200,100.0146600105275,0.014660010527508833,0.030955624194444715
1740,FlexibleCylinder_0,200,100.01504014610543,0.015040146105430833,0.030835098903831896
1760,FlexibleCylinder_0,200,100.01507766790408,0.015077667904073794,0.03064063621160463
1780,FlexibleCylinder_0,200,100.01490802597492,0.01490802597491633,0.03067685509522723
1800,FlexibleCylinder_0,200,100.01444131926394,0.014441319263938407,0.030890578895039836
1820,FlexibleCylinder_0,200,100.01366973460303,0.01366973460302973,0.031093168318610996
1840,FlexibleCylinder_0,200,100.01335314635445,0.013353146354450913,0.03125211288832559
1860,FlexibleCylinder_0,200,100.01352658933494,0.013526589334943832,0.03136089461961231
1880,FlexibleCylinder_0,200,100.01389672197813,0.013896721978121675,0.0315779290372095
1900,FlexibleCylinder_0,200,100.01464300933243,0.014643009332426958,0.031575980918556505
1920,FlexibleCylinder_0,200,100.01512791237138,0.015127912371382148,0.03139600397586454
1940,FlexibleCylinder_0,200,100.01503116439503,0.015031164395026766,0.03120994657737037
1960,FlexibleCylinder_0,200,100.01492270592391,0.014922705923902872,0.031001896072777556
1980,FlexibleCylinder_0,200,100.0150182153146,0.015018215314597828,0.03084690573530344
2000,FlexibleCylinder_0,200,100.01518199831759,0.015181998317580866,0.0308163091121811
2020,FlexibleCylinder_0,200,100.01520648385127,0.015206483851271926,0.030853766831130447
2040,FlexibleCylinder_0,200,100.01507030886893,0.015070308868930876,0.031044930023026374
2060,FlexibleCylinder_0,200,100.01483479107276,0.014834791072759783,0.03143724284296214
2080,FlexibleCylinder_0,200,100.01455395713614,0.014553957136147546,0.03182795045740484
2100,FlexibleCylinder_0,200,100.01420237341785,0.014202373417845686,0.032178732787494564
2120,FlexibleCylinder_0,200,100.0140546744251,0.014054674425098137,0.03223224270877395
2140,FlexibleCylinder_0,200,100.01410909861849,0.014109098618494876,0.03202723491971068
2160,FlexibleCylinder_0,200,100.01401040232079,0.014010402320799059,0.03182950196498911
2180,FlexibleCylinder_0,200,100.0140804501744,0.014080450174408378,0.03173105597379591
2200,FlexibleCylinder_0,200,100.01433778452486,0.014337784524860505,0.03170520667880851
2220,FlexibleCylinder_0,200,100.01450706501028,0.014507065010283333,0.031563888162495765
2240,FlexibleCylinder_0,200,100.0143267599497,0.014326759949691485,0.031231455243139746
2260,FlexibleCylinder_0,200,100.01396913699368,0.013969136993673054,0.030963719857701938
2280,FlexibleCylinder_0,200,100.01380460497235,0.013804604972350918,0.03088474760019871
2300,FlexibleCylinder_0,200,100.01373407204561,0.013734072045614925,0.031026926764039287
2320,FlexibleCylinder_0,200,100.01354790277992,0.013547902779924325,0.031163471092661214
2340,FlexibleCylinder_0,200,100.01327774749501,0.013277747495010133,0.03121939954527697
2360,FlexibleCylinder_0,200,100.0131489296841,0.013148929684105254,0.031192942119543918
2380,FlexibleCylinder_0,200,100.01314072878286,0.013140728782862236,0.031137631539747124
2400,FlexibleCylinder_0,200,100.01304503677433,0.013045036774322605,0.031118432430069
2420,FlexibleCylinder_0,200,100.01292676625273,0.01292676625272798,0.03115830724816661
2440,FlexibleCylinder_0,200,100.01277573551374,0.012775735513735108,0.031299421700510616
2460,FlexibleCylinder_0,200,100.01239389292263,0.012393892922633655,0.031432345586324156
2480,FlexibleCylinder_0,200,100.01196030563713,0.011960305637136003,0.031443836211536694
2500,FlexibleCylinder_0,200,100.01196183115339,0.0119618311533823,0.03145930673745168
2520,FlexibleCylinder_0,200,100.0121439062702,0.01214390627019486,0.03143247864754861
2540,FlexibleCylinder_0,200,100.01222429916392,0.012224299163921674,0.03131594568547201
2560,FlexibleCylinder_0,200,100.01221919079094,0.012219190790939529,0.031174184933832
2580,FlexibleCylinder_0,200,100.01219696561893,0.012196965618926196,0.031028175822580318
2600,FlexibleCylinder_0,200,100.01217450245865,0.012174502458652484,0.030938801113892904
2620,FlexibleCylinder_0,200,100.01209102283191,0.012091022831909999,0.030889433066273432
2640,FlexibleCylinder_0,200,100.01194586507226,0.011945865072266302,0.030868327049972093
2660,FlexibleCylinder_0,200,100.01174867004055,0.011748670040542338,0.03088995133150707
2680,FlexibleCylinder_0,200,100.01144283060327,0.011442830603270516,0.03093960207680173
2700,FlexibleCylinder_0,200,100.01101831474494,0.011018314744946368,0.031046933886794918
2720,FlexibleCylinder_0,200,100.01056278253947,0.010562782539463099,0.031198053539410256
2740,FlexibleCylinder_0,200,100.01028858765022,0.010288587650217293,0.031226842512227425
2760,FlexibleCylinder_0,200,100.0103275385076,0.010327538507599,0.031077556019213953
2780,FlexibleCylinder_0,200,100.01048156362651,0.010481563626516343,0.03091311601577521
2800,FlexibleCylinder_0,200,100.01040313061277,0.010403130612778668,0.030811785580558936
2820,FlexibleCylinder_0,200,100.01012753497946,0.01012753497945557,0.0308581558171729
2840,FlexibleCylinder_0,200,100.00990735738056,0.009907357380552116,0.030814478900432405
2860,FlexibleCylinder_0,200,100.00971686507553,0.009716865075535683,0.03071337580990757
2880,FlexibleCylinder_0,200,100.00944415878223,0.009444158782225397,0.030716080328288216
2900,FlexibleCylinder_0,200,100.00915628265957,0.009156282659575462,0.030720359542940955
2920,FlexibleCylinder_0,200,100.00907599595068,0.009075995950681407,0.030698233816646124
2940,FlexibleCylinder_0,200,100.00904780080342,0.009047800803411369,0.030701710681956994
2960,FlexibleCylinder_0,200,100.008777769046,0.008777769046010924,0.030729338423657236
2980,FlexibleCylinder_0,200,100.00822600694566,0.008226006945669212,0.03080793483862178
3000,FlexibleCylinder_0,200,100.00770989460834,0.007709894608338776,0.03094543435708336
3020,FlexibleCylinder_0,200,100.00748246782659,0.007482467826597519,0.031086710796717744
3040,FlexibleCylinder_0,200,100.00745756501374,0.007457565013737385,0.0311662355796161
3060,FlexibleCylinder_0,200,100.00734430214084,0.007344302140842987,0.031177159609147836
3080,FlexibleCylinder_0,200,100.00706265352174,0.007062653521748994,0.031152749623153873
3100,FlexibleCylinder_0,200,100.00669627020694,0.0066962702069445455,0.03105368280136288
3120,FlexibleCylinder_0,200,100.0063314706582,0.006331470658195188,0.03091842684768985
3140,FlexibleCylinder_0,200,100.00609741021977,0.006097410219761937,0.03086957057014625
3160,FlexibleCylinder_0,200,100.00600601350774,0.006006013507743506,0.030877465099977842
3180,FlexibleCylinder_0,200,100.00586330682387,0.005863306823866169,0.030873130255261637
3200,FlexibleCylinder_0,200,100.0056992631776,0.005699263177597533,0.030875001430244846
3220,FlexibleCylinder_0,200,100.00569326105392,0.005693261053924464,0.03089398396862658
3240,FlexibleCylinder_0,200,100.00568692830238,0.005686928302387251,0.030899490125463166
3260,FlexibleCylinder_0,200,100.00536094745318,0.005360947453189167,0.0308709555312871
3280,FlexibleCylinder_0,200,100.00483462493702,0.004834624937012312,0.030837719469186037
3300,FlexibleCylinder_0,200,100.004408501612,0.004408501612005854,0.03083637647151172
3320,FlexibleCylinder_0,200,100.00410824786012,0.004108247860115544,0.03089674682575832
3340,FlexibleCylinder_0,200,100.00385854074105,0.0038585407410517093,0.030967985932074255
3360,FlexibleCylinder_0,200,100.003692132772,0.00369213277200787,0.031010872987743687
3380,FlexibleCylinder_0,200,100.00361595213933,0.003615952139325184,0.031011572506647146
3400,FlexibleCylinder_0,200,100.00344689416644,0.0034468941664414503,0.0309708793416748
3420,FlexibleCylinder_0,200,100.00312150632465,0.0031215063246456632,0.030928045019813215
3440,FlexibleCylinder_0,200,100.00269913156514,0.0026991315651406977,0.030914721585518924
3460,FlexibleCylinder_0,200,100.00229228247872,0.002292282478716121,0.030928220992792226
3480,FlexibleCylinder_0,200,100.0020082277572,0.002008227757202681,0.030912395383126734
3500,FlexibleCylinder_0,200,100.00179180720588,0.0017918072058724708,0.030862921321839286
3520,FlexibleCylinder_0,200,100.00154454757495,0.00154454757494531,0.030869835975475227
3540,FlexibleCylinder_0,200,100.00120974559258,0.0012097455925797755,0.030939624475346355
3560,FlexibleCylinder_0,200,100.00088101864489,0.0008810186448845641,0.031006083939476015
3580,FlexibleCylinder_0,200,100.0006223376166,0.0006223376166093972,0.031012613764795888
3600,FlexibleCylinder_0,200,100.00028756160081,0.00028756160081157056,0.031007199743774232
3620,FlexibleCylinder_0,200,99.99987456336612,-0.0001254366338762213,0.03103501915889319
3640,FlexibleCylinder_0,200,99.9994075883841,-0.0005924116158925893,0.031074720064098678
3660,FlexibleCylinder_0,200,99.99883653891035,-0.0011634610896451626,0.03104588943768755
3680,FlexibleCylinder_0,200,99.99817490723717,-0.0018250927628345414,0.030976561553089605
3700,FlexibleCylinder_0,200,99.99754392433233,-0.002456075667668579,0.030922326374235202
3720,FlexibleCylinder_0,200,99.99692591077051,-0.0030740892294810673,0.0309046497818521
3740,FlexibleCylinder_0,200,99.99622130224759,-0.003778697752405446,0.03090487433463166
3760,FlexibleCylinder_0,200,99.9954416617625,-0.004558338237504209,0.0309061542139787
3780,FlexibleCylinder_0,200,99.99470988005011,-0.005290119949895619,0.030920810106715525
3800,FlexibleCylinder_0,200,99.99406270420944,-0.005937295790556709,0.03095133363427162
3820,FlexibleCylinder_0,200,99.99336502105011,-0.006634978949890702,0.030963091866069683
3840,FlexibleCylinder_0,200,99.99258059845567,-0.007419401544320163,0.03094899346914846
3860,FlexibleCylinder_0,200,99.99189249322683,-0.008107506773168746,0.030950611893996387
3880,FlexibleCylinder_0,200,99.9913505718945,-0.008649428105499467,0.030992948575599956
3900,FlexibleCylinder_0,200,99.99079620958035,-0.009203790419640555,0.03103403082996146
3920,FlexibleCylinder_0,200,99.99010192677828,-0.009898073221721622,0.031040611483467533
3940,FlexibleCylinder_0,200,99.98936848981246,-0.010631510187532235,0.03103666816297532
3960,FlexibleCylinder_0,200,99.988679953016,-0.011320046983993954,0.031028831058721968
3980,FlexibleCylinder_0,200,99.98798161918936,-0.012018380810648596,0.030999055507765907
4000,FlexibleCylinder_0,200,99.98730529403124,-0.012694705968758095,0.030946083082469836
4020,FlexibleCylinder_0,200,99.98660542860543,-0.013394571394575628,0.030913814013888766
4040,FlexibleCylinder_0,200,99.98590683212363,-0.01409316787636697,0.030923654314391223
4060,FlexibleCylinder_0,200,99.98521127292497,-0.014788727075030466,0.030945373556602894
4080,FlexibleCylinder_0,200,99.98453794067653,-0.015462059323474463,0.030969685604468007
4100,FlexibleCylinder_0,200,99.98389985389046,-0.016100146109534884,0.030984025513457168
4120,FlexibleCylinder_0,200,99.98331255021625,-0.01668744978374865,0.030972225153012675
4140,FlexibleCylinder_0,200,99.98276373235045,-0.017236267649545278,0.030923888051165985
4160,FlexibleCylinder_0,200,99.98220718585765,-0.0177928141423507,0.03086885130878969
4180,FlexibleCylinder_0,200,99.98159116830479,-0.01840883169520443,0.030848398771617082
4200,FlexibleCylinder_0,200,99.98089896371339,-0.019101036286611518,0.030862937416126154
4220,FlexibleCylinder_0,200,99.98019617409383,-0.01980382590616808,0.030888516866467694
4240,FlexibleCylinder_0,200,99.97956988185116,-0.02043011814883195,0.0309223089435152
4260,FlexibleCylinder_0,200,99.97906591204412,-0.0209340879558827,0.030947296976638623
4280,FlexibleCylinder_0,200,99.97868748711281,-0.02131251288719039,0.030948841059075975
4300,FlexibleCylinder_0,200,99.97827366538827,-0.021726334611725424,0.03092687726776227
4320,FlexibleCylinder_0,200,99.97774539591843,-0.02225460408156913,0.03089052481297562
4340,FlexibleCylinder_0,200,99.97716754385432,-0.022832456145673325,0.030863388097963098
4360,FlexibleCylinder_0,200,99.9766878011951,-0.023312198804906398,0.030876548400229114
4380,FlexibleCylinder_0,200,99.97628780372568,-0.023712196274314826,0.030907627310415128
4400,FlexibleCylinder_0,200,99.97585627445447,-0.024143725545528648,0.0309323798698285
4420,FlexibleCylinder_0,200,99.97542044300347,-0.02457955699652275,0.030937856299767134
4440,FlexibleCylinder_0,200,99.97500586259183,-0.024994137408173654,0.03095013518745835
4460,FlexibleCylinder_0,200,99.97454940630621,-0.02545059369378958,0.030977232363353816
4480,FlexibleCylinder_0,200,99.97402816853585,-0.025971831464154545,0.03101916742530951
4500,FlexibleCylinder_0,200,99.97354016697587,-0.026459833024136202,0.031058578609697643
4520,FlexibleCylinder_0,200,99.97318926892505,-0.026810731074938688,0.031071273567528503
4540,FlexibleCylinder_0,200,99.97294534132233,-0.027054658677674502,0.03104729781983012
4560,FlexibleCylinder_0,200,99.97267080412134,-0.027329195878657443,0.031012807795368136
4580,FlexibleCylinder_0,200,99.97229291353517,-0.027707086464828293,0.03098690446674727
4600,FlexibleCylinder_0,200,99.97192456234481,-0.028075437655193162,0.03095679571920356
4620,FlexibleCylinder_0,200,99.97161373163136,-0.02838626836863491,0.03091763538555954
4640,FlexibleCylinder_0,200,99.97137524936946,-0.028624750630539524,0.0308845508936211
4660,FlexibleCylinder_0,200,99.97116608782538,-0.028833912174621713,0.030881329306596372
4680,FlexibleCylinder_0,200,99.9708603286595,-0.029139671340498496,0.03091347136772078
4700,FlexibleCylinder_0,200,99.97045966376268,-0.02954033623732242,0.030967091356443384
4720,FlexibleCylinder_0,200,99.97008958845655,-0.029910411543449148,0.031021338264638078
4740,FlexibleCylinder_0,200,99.96979644502204,-0.030203554977955745,0.03105503996139869
4760,FlexibleCylinder_0,200,99.969529070534,-0.030470929466001426,0.03105932499349421
4780,FlexibleCylinder_0,200,99.96925589472188,-0.030744105278123053,0.031041165818672938
4800,FlexibleCylinder_0,200,99.9690267182421,-0.030973281757894034,0.03102814386049873
4820,FlexibleCylinder_0,200,99.96888852362098,-0.031111476379029057,0.031040086377001057
4840,FlexibleCylinder_0,200,99.96878090378256,-0.031219096217435603,0.03106695099980913
4860,FlexibleCylinder_0,200,99.96857512932219,-0.0314248706778049,0.03107912088319849
4880,FlexibleCylinder_0,200,99.96830536828057,-0.03169463171943855,0.031068815325586002
4900,FlexibleCylinder_0,200,99.96807631471714,-0.03192368528286042,0.031054939472630945
4920,FlexibleCylinder_0,200,99.96790188104593,-0.032098118954069346,0.03105235228711616
4940,FlexibleCylinder_0,200,99.96775967264145,-0.03224032735854651,0.03104655919119781
4960,FlexibleCylinder_0,200,99.9676116902585,-0.032388309741508345,0.03103643644803016
4980,FlexibleCylinder_0,200,99.9674723379935,-0.03252766200649642,0.031034708152300135
5000,FlexibleCylinder_0,200,99.96738629632615,-0.03261370367384551,0.03104777636699875
5020,FlexibleCylinder_0,200,99.96737349172761,-0.032626508272392295,0.03106852097656958
5040,FlexibleCylinder_0,200,99.96738235831144,-0.03261764168855446,0.031080193109538596
5060,FlexibleCylinder_0,200,99.9673771613457,-0.032622838654304445,0.031071495375465764
5080,FlexibleCylinder_0,200,99.96737261651766,-0.0326273834823293,0.03105748293294521
5100,FlexibleCylinder_0,200,99.96735418547273,-0.032645814527275566,0.031054797728776135
5120,FlexibleCylinder_0,200,99.96727135955241,-0.03272864044758529,0.031064659153247427
5140,FlexibleCylinder_0,200,99.96716308617805,-0.032836913821955103,0.03107711290414933
5160,FlexibleCylinder_0,200,99.96716539834105,-0.03283460165894581,0.031079802100018164
5180,FlexibleCylinder_0,200,99.96730473933636,-0.0326952606636416,0.031067936029623922
5200,FlexibleCylinder_0,200,99.96747454295556,-0.032525457044441375,0.03104456149462354
5220,FlexibleCylinder_0,200,99.9676224548217,-0.03237754517830422,0.031024310868324214
5240,FlexibleCylinder_0,200,99.96775528465737,-0.032244715342622035,0.031012730613162114
5260,FlexibleCylinder_0,200,99.96788660822503,-0.032113391774970794,0.031006938972293476
5280,FlexibleCylinder_0,200,99.9680345364064,-0.0319654635935881,0.031007911203370604
5300,FlexibleCylinder_0,200,99.96823674612163,-0.03176325387836705,0.03101808382713129
5320,FlexibleCylinder_0,200,99.96845147649094,-0.03154852350906121,0.031032027197119103
5340,FlexibleCylinder_0,200,99.96858052854229,-0.03141947145771399,0.031044174158236324
5360,FlexibleCylinder_0,200,99.96863028112031,-0.03136971887969226,0.031059643780800728
5380,FlexibleCylinder_0,200,99.96870758549939,-0.031292414500610224,0.031079189527314505
5400,FlexibleCylinder_0,200,99.96884986822239,-0.031150131777603923,0.031093896169874926
5420,FlexibleCylinder_0,200,99.96904187185189,-0.030958128148111302,0.03109775102555356
5440,FlexibleCylinder_0,200,99.96929870511259,-0.030701294887412574,0.031093064677092424
5460,FlexibleCylinder_0,200,99.96960415327327,-0.03039584672673532,0.031088084350569062
5480,FlexibleCylinder_0,200,99.96987179725359,-0.03012820274640439,0.03108301640292091
5500,FlexibleCylinder_0,200,99.97009573519543,-0.02990426480456466,0.031067415626861494
5520,FlexibleCylinder_0,200,99.97031957924072,-0.02968042075928363,0.031042324173846513
5540,FlexibleCylinder_0,200,99.97057783598359,-0.029422164016413094,0.031021976362420895
5560,FlexibleCylinder_0,200,99.97087536202474,-0.029124637975256187,0.031015377309012822
5580,FlexibleCylinder_0,200,99.97119816580847,-0.028801834191522338,0.03102611484851378
5600,FlexibleCylinder_0,200,99.97153022747183,-0.02846977252816199,0.03104646951580061
5620,FlexibleCylinder_0,200,99.971855371211,-0.028144628788998875,0.031060660089677884
5640,FlexibleCylinder_0,200,99.97217442005774,-0.02782557994225661,0.031058039174449516
5660,FlexibleCylinder_0,200,99.97253669090875,-0.027463309091241356,0.031052762789893957
5680,FlexibleCylinder_0,200,99.97295982729757,-0.027040172702427756,0.031059974204233103
5700,FlexibleCylinder_0,200,99.97341327599071,-0.026586724009289357,0.031070492788434812
5720,FlexibleCylinder_0,200,99.97387646615853,-0.026123533841471577,0.031066994714943917
5740,FlexibleCylinder_0,200,99.97433763129528,-0.02566236870471047,0.031050758782892846
5760,FlexibleCylinder_0,200,99.97478439146235,-0.02521560853764662,0.031039655769916116
5780,FlexibleCylinder_0,200,99.97523454550833,-0.02476545449166553,0.03104020324950402
5800,FlexibleCylinder_0,200,99.9757146598125,-0.02428534018750515,0.031045224297442598
5820,FlexibleCylinder_0,200,99.97620669332474,-0.023793306675262714,0.031049095192873785
5840,FlexibleCylinder_0,200,99.97670480945139,-0.023295190548602525,0.031053747095511036
5860,FlexibleCylinder_0,200,99.97723992577923,-0.022760074220767083,0.03106342618452184
5880,FlexibleCylinder_0,200,99.97782982382257,-0.02217017617742264,0.031070838139363902
5900,FlexibleCylinder_0,200,99.9784490702335,-0.021550929766508624,0.03107042645190308
5920,FlexibleCylinder_0,200,99.97906967964407,-0.020930320355929705,0.03106758883179798
5940,FlexibleCylinder_0,200,99.97970703408633,-0.020292965913666344,0.031067936589054438
5960,FlexibleCylinder_0,200,99.98036657772377,-0.01963342227623285,0.031069283782917654
5980,FlexibleCylinder_0,200,99.98100482837704,-0.018995171622957472,0.031068131745016058
6000,FlexibleCylinder_0,200,99.98159358485452,-0.018406415145479412,0.03107258332363148
6020,FlexibleCylinder_0,200,99.98216329364531,-0.01783670635468706,0.03108836386010393
6040,FlexibleCylinder_0,200,99.98275171444128,-0.017248285558725422,0.031100705796260945
6060,FlexibleCylinder_0,200,99.98335460218574,-0.016645397814260218,0.03109509557525446
6080,FlexibleCylinder_0,200,99.98397302660337,-0.016026973396630905,0.031077888940827008
6100,FlexibleCylinder_0,200,99.98462826178198,-0.015371738218024098,0.03106595782939327
6120,FlexibleCylinder_0,200,99.98531830215187,-0.014681697848130996,0.031065632945279538
6140,FlexibleCylinder_0,200,99.98601443678793,-0.013985563212069037,0.031071104350141137
6160,FlexibleCylinder_0,200,99.98670575565596,-0.01329424434403469,0.031077422773461656
6180,FlexibleCylinder_0,200,99.98740108088872,-0.012598919111280377,0.031085462235435284
6200,FlexibleCylinder_0,200,99.98811266793469,-0.011887332065315658,0.0310948066395747
6220,FlexibleCylinder_0,200,99.98885095592213,-0.011149044077872443,0.031102145579355114
6240,FlexibleCylinder_0,200,99.98961120606974,-0.010388793930255307,0.031107747274919464
6260,FlexibleCylinder_0,200,99.99036659884528,-0.009633401154711051,0.031114731012108234
6280,FlexibleCylinder_0,200,99.99109462560546,-0.008905374394545706,0.031122150417970004
6300,FlexibleCylinder_0,200,99.99181781638458,-0.00818218361542144,0.031126412629311696
6320,FlexibleCylinder_0,200,99.99259966653551,-0.0074003334644911906,0.031129597362577165
6340,FlexibleCylinder_0,200,99.9934540931227,-0.0065459068773061155,0.03113319392577148
6360,FlexibleCylinder_0,200,99.99432747099742,-0.005672529002587147,0.031130791298455144
6380,FlexibleCylinder_0,200,99.99518108281259,-0.004818917187401664,0.031121041444469623
6400,FlexibleCylinder_0,200,99.99603373278394,-0.003966267216061153,0.031106769488367308
6420,FlexibleCylinder_0,200,99.99689660057706,-0.0031033994229453413,0.03109629425297166
6440,FlexibleCylinder_0,200,99.99775668706175,-0.0022433129382444326,0.03109259966240568
6460,FlexibleCylinder_0,200,99.99862339459925,-0.0013766054007537936,0.031094615016249435
6480,FlexibleCylinder_0,200,99.99952227613954,-0.0004777238604507242,0.031103647810548554
6500,FlexibleCylinder_0,200,100.00045759582908,0.00045759582906884985,0.031119986893125926
6520,FlexibleCylinder_0,200,100.00157809084996,0.001578090849959263,0.031130313157250396
6540,FlexibleCylinder_0,200,100.00273250052763,0.002732500527625163,0.031127163501755817
6560,FlexibleCylinder_0,200,100.00392511057312,0.003925110573117854,0.031104102992763942
6580,FlexibleCylinder_0,200,100.00516408113259,0.005164081132597015,0.031097975589612425
6600,FlexibleCylinder_0,200,100.00647439895633,0.0064743989563262345,0.031099476043061753
6620,FlexibleCylinder_0,200,100.0078303113827,0.007830311382699663,0.031100714555396647
6640,FlexibleCylinder_0,200,100.00920505843658,0.009205058436578921,0.031094249252652997
6660,FlexibleCylinder_0,200,100.0105638976275,0.010563897627501689,0.03108484705746343
6680,FlexibleCylinder_0,200,100.01188186685026,0.011881866850265198,0.03108345282516208
6700,FlexibleCylinder_0,200,100.01314056010565,0.013140560105657853,0.031088410977977834
6720,FlexibleCylinder_0,200,100.01434334488636,0.014343344886351177,0.031090333017183495
6740,FlexibleCylinder_0,200,100.01553610033405,0.015536100334049487,0.031084895592404602
6760,FlexibleCylinder_0,200,100.01676972420178,0.016769724201778812,0.031076950653977215
6780,FlexibleCylinder_0,200,100.01806049561758,0.018060495617569543,0.03107954156066217
6800,FlexibleCylinder_0,200,100.01944067444639,0.019440674446386714,0.031092566033819637
6820,FlexibleCylinder_0,200,100.02081674511943,0.020816745119435966,0.031104875991554468
6840,FlexibleCylinder_0,200,100.02219630137854,0.02219630137854533,0.031110069438407238
6860,FlexibleCylinder_0,200,100.02359930875683,0.02359930875682262,0.03110881026017002
6880,FlexibleCylinder_0,200,100.02497601377372,0.024976013773724135,0.031103945022074295
6900,FlexibleCylinder_0,200,100.02633303076756,0.0263330307675592,0.031104018766241543
6920,FlexibleCylinder_0,200,100.02768339540326,0.027683395403252632,0.03111242387866492
6940,FlexibleCylinder_0,200,100.02903426125297,0.029034261252969776,0.03112314288923382
6960,FlexibleCylinder_0,200,100.03037835736575,0.030378357365747632,0.031125915216922255
6980,FlexibleCylinder_0,200,100.0317007563281,0.03170075632810077,0.03112011565891575
7000,FlexibleCylinder_0,200,100.0329887368985,0.032988736898507356,0.031115808144751844
7020,FlexibleCylinder_0,200,100.0342627959823,0.03426279598229473,0.031121019818562686
7040,FlexibleCylinder_0,200,100.03553852057618,0.035538520576183445,0.03115761450435247
7060,FlexibleCylinder_0,200,100.03684225340064,0.036842253400628876,0.031157832148581064
7080,FlexibleCylinder_0,200,100.03816851305116,0.038168513051158044,0.031159587172059883
7100,FlexibleCylinder_0,200,100.0394976429551,0.03949764295509806,0.031159217879639406
7120,FlexibleCylinder_0,200,100.04083161824506,0.04083161824506134,0.031165498857746495
7140,FlexibleCylinder_0,200,100.04216992054415,0.04216992054415367,0.03117725199520366
7160,FlexibleCylinder_0,200,100.04349070782024,0.04349070782023606,0.03118754175838206
7180,FlexibleCylinder_0,200,100.04483369502826,0.04483369502826367,0.031189799890808022
7200,FlexibleCylinder_0,200,100.0461524258779,0.046152425877909076,0.031186615050934945
7220,FlexibleCylinder_0,200,100.0474582968182,0.047458296818199776,0.031187876573439008
7240,FlexibleCylinder_0,200,100.04875254744628,0.048752547446281116,0.03119723342041844
7260,FlexibleCylinder_0,200,100.05008528468146,0.050085284681458245,0.03120458501984493
7280,FlexibleCylinder_0,200,100.0514910752313,0.05149107523129641,0.03121275144334038
7300,FlexibleCylinder_0,200,100.05292931970207,0.052929319702074144,0.03121901345039256
7320,FlexibleCylinder_0,200,100.05433649310714,0.05433649310714877,0.03122555234434895
7340,FlexibleCylinder_0,200,100.05569743040736,0.05569743040736557,0.03123171023602654
7360,FlexibleCylinder_0,200,100.05699679117868,0.05699679117867156,0.03124316138131458
7380,FlexibleCylinder_0,200,100.05825259166275,0.058252591662751804,0.03125255180550972
7400,FlexibleCylinder_0,200,100.05948270864495,0.05948270864494829,0.03125512595202742
7420,FlexibleCylinder_0,200,100.06070452870333,0.0607045287033209,0.03124959076614627
7440,FlexibleCylinder_0,200,100.0619550556645,0.06195505566449309,0.03124449391057256
7460,FlexibleCylinder_0,200,100.0632343762935,0.06323437629349664,0.03124394394157041
7480,FlexibleCylinder_0,200,100.06448681432329,0.06448681432329441,0.03124601844946839
7500,FlexibleCylinder_0,200,100.0657588175486,0.06575881754860169,0.031247651387173864
7520,FlexibleCylinder_0,200,100.06705308632971,0.0670530863297077,0.03124409892132335
7540,FlexibleCylinder_0,200,100.06838164255126,0.06838164255126265,0.031242285743219682
7560,FlexibleCylinder_0,200,100.06971790379693,0.06971790379692956,0.031241186004496456
7580,FlexibleCylinder_0,200,100.07102048798482,0.07102048798482029,0.03124261653984587
7600,FlexibleCylinder_0,200,100.07228161280828,0.07228161280827913,0.031248247811073705
7620,FlexibleCylinder_0,200,100.07351474098108,0.07351474098108263,0.03125783717326139
7640,FlexibleCylinder_0,200,100.07472197488117,0.07472197488117759,0.031267830964932165
7660,FlexibleCylinder_0,200,100.07592152524849,0.07592152524849011,0.031274568316967004
7680,FlexibleCylinder_0,200,100.07712448648958,0.07712448648958287,0.03127880044691431
7700,FlexibleCylinder_0,200,100.07831957388937,0.07831957388937309,0.0312830148984128
7720,FlexibleCylinder_0,200,100.0795213256822,0.07952132568219936,0.031280891152361025
7740,FlexibleCylinder_0,200,100.08076472111871,0.08076472111870554,0.03127221248135758
7760,FlexibleCylinder_0,200,100.08201230823805,0.08201230823805272,0.031262376665627485
7780,FlexibleCylinder_0,200,100.08323809768191,0.0832380976819136,0.03125052676457915
7800,FlexibleCylinder_0,200,100.08443191118837,0.08443191118836957,0.03124965426612818
7820,FlexibleCylinder_0,200,100.08559800133244,0.0855980013324454,0.03125245807593271
7840,FlexibleCylinder_0,200,100.08675609079003,0.08675609079003654,0.031252928260595586
7860,FlexibleCylinder_0,200,100.08790229105952,0.08790229105952342,0.031247582473171307
7880,FlexibleCylinder_0,200,100.08901709777298,0.08901709777298777,0.031243756914899196
7900,FlexibleCylinder_0,200,100.0900869052376,0.09008690523759869,0.03124189347504283
7920,FlexibleCylinder_0,200,100.09115167513525,0.0911516751352495,0.031244360821943772
7940,FlexibleCylinder_0,200,100.09225061907435,0.09225061907434887,0.03125100253784047
7960,FlexibleCylinder_0,200,100.09338782101423,0.09338782101423747,0.0312601766893787
7980,FlexibleCylinder_0,200,100.09453067731629,0.09453067731628056,0.031267506312132175
8000,FlexibleCylinder_0,200,100.0956532488911,0.09565324889109678,0.03126905576706412
8020,FlexibleCylinder_0,200,100.09672536476518,0.09672536476518379,0.031265491016446226
8040,FlexibleCylinder_0,200,100.09768636183117,0.09768636183116304,0.031257489366855726
8060,FlexibleCylinder_0,200,100.09853627743884,0.09853627743884213,0.031249058499375384
8080,FlexibleCylinder_0,200,100.09934297429375,0.09934297429374182,0.03123804891097853
8100,FlexibleCylinder_0,200,100.10017199567177,0.10017199567176702,0.03122521085120566
8120,FlexibleCylinder_0,200,100.10104245272981,0.10104245272981853,0.031215113969956784
8140,FlexibleCylinder_0,200,100.10193398146619,0.10193398146619585,0.0312104631482884
8160,FlexibleCylinder_0,200,100.10283260899591,0.10283260899591067,0.031209850305330446
8180,FlexibleCylinder_0,200,100.10372611532635,0.10372611532635888,0.031208831186632976
8200,FlexibleCylinder_0,200,100.10461611455243,0.1046161145524296,0.031205771651742594
8220,FlexibleCylinder_0,200,100.1054885714909,0.10548857149089828,0.03120290002887375
8240,FlexibleCylinder_0,200,100.10634558960926,0.10634558960925954,0.031206098090131924
8260,FlexibleCylinder_0,200,100.10718140750679,0.10718140750678772,0.031214167209492112
8280,FlexibleCylinder_0,200,100.10798198008135,0.10798198008135382,0.031222833583001233
8300,FlexibleCylinder_0,200,100.10874087139639,0.10874087139639632,0.03122688831556952
8320,FlexibleCylinder_0,200,100.10945867080004,0.10945867080004476,0.031223940894413826
8340,FlexibleCylinder_0,200,100.11016431506529,0.1101643150652908,0.031214946453755023
8360,FlexibleCylinder_0,200,100.1108895446128,0.11088954461279657,0.031202485308170658
8380,FlexibleCylinder_0,200,100.11163473789648,0.11163473789648606,0.03119094078865453
8400,FlexibleCylinder_0,200,100.11237714045726,0.11237714045725773,0.031182765989947493
8420,FlexibleCylinder_0,200,100.11308295378294,0.1130829537829297,0.03117577469814654
8440,FlexibleCylinder_0,200,100.11374970288445,0.11374970288444514,0.03116733035007124
8460,FlexibleCylinder_0,200,100.11438250792818,0.11438250792817901,0.03115908238119195
8480,FlexibleCylinder_0,200,100.1149817316646,0.11498173166459572,0.03115403656640988
8500,FlexibleCylinder_0,200,100.1155461514335,0.11554615143350351,0.031152225397146318
8520,FlexibleCylinder_0,200,100.11609234656265,0.11609234656264822,0.031150938974394526
8540,FlexibleCylinder_0,200,100.11662075298722,0.11662075298721279,0.03114992797889335
8560,FlexibleCylinder_0,200,100.1171299051917,0.11712990519170234,0.0311514182210291
8580,FlexibleCylinder_0,200,100.11762276420635,0.11762276420635126,0.03115652096567139
8600,FlexibleCylinder_0,200,100.11811098641292,0.11811098641291483,0.031161643748497947
8620,FlexibleCylinder_0,200,100.11861035892834,0.11861035892833852,0.03116518756474443
8640,FlexibleCylinder_0,200,100.11911180912148,0.11911180912147296,0.03116627495424029
8660,FlexibleCylinder_0,200,100.11958579883421,0.11958579883420496,0.031161874572201386
8680,FlexibleCylinder_0,200,100.12000761788818,0.12000761788817486,0.031152340924520443
8700,FlexibleCylinder_0,200,100.12036733650913,0.12036733650913094,0.031141158517182778
8720,FlexibleCylinder_0,200,100.12066336152691,0.1206633615269013,0.031132413449453455
8740,FlexibleCylinder_0,200,100.12090792798116,0.12090792798116999,0.031125538745069046
8760,FlexibleCylinder_0,200,100.12112223130327,0.1211222313032697,0.031118389010249974
8780,FlexibleCylinder_0,200,100.12132997483671,0.1213299748367067,0.03110992004407857
8800,FlexibleCylinder_0,200,100.12154031891218,0.12154031891218267,0.03110194686976785
8820,FlexibleCylinder_0,200,100.12174124689996,0.1217412468999639,0.031098315136569264
8840,FlexibleCylinder_0,200,100.12193640204904,0.12193640204904434,0.031098227046061737
8860,FlexibleCylinder_0,200,100.12214755059401,0.12214755059401075,0.03109751187059797
8880,FlexibleCylinder_0,200,100.12237413042344,0.12237413042344211,0.031096408494785323
8900,FlexibleCylinder_0,200,100.12260079105303,0.12260079105302743,0.031098022983971556
8920,FlexibleCylinder_0,200,100.12279342210631,0.12279342210631176,0.031101044930750575
8940,FlexibleCylinder_0,200,100.12292870877533,0.12292870877533131,0.0311040579287556
8960,FlexibleCylinder_0,200,100.12300683428134,0.1230068342813402,0.03110599485553167
8980,FlexibleCylinder_0,200,100.12304722086932,0.12304722086932157,0.031105034333244568
9000,FlexibleCylinder_0,200,100.12308236797934,0.12308236797933261,0.031099379995450524
9020,FlexibleCylinder_0,200,100.12313899624847,0.12313899624846592,0.03108966044783582
9040,FlexibleCylinder_0,200,100.12321646504991,0.12321646504990211,0.031079775611697207
9060,FlexibleCylinder_0,200,100.1232889361423,0.12328893614229543,0.031073002029275206
9080,FlexibleCylinder_0,200,100.12332673518588,0.1233267351858816,0.031069652235125225
9100,FlexibleCylinder_0,200,100.12331242997307,0.12331242997306584,0.031065960644927757
9120,FlexibleCylinder_0,200,100.12325067418394,0.1232506741839307,0.031059820761584273
9140,FlexibleCylinder_0,200,100.12315947532792,0.12315947532792296,0.03105407302067363
9160,FlexibleCylinder_0,200,100.12304882642103,0.12304882642101989,0.031051994282984007
9180,FlexibleCylinder_0,200,100.12292480350634,0.12292480350633947,0.031052220531676306
9200,FlexibleCylinder_0,200,100.12278808951652,0.12278808951652541,0.03105088589798937
9220,FlexibleCylinder_0,200,100.12263337600203,0.12263337600203068,0.0310479698159402
9240,FlexibleCylinder_0,200,100.12246168240624,0.12246168240623413,0.031046057749342125
9260,FlexibleCylinder_0,200,100.12227695197961,0.12227695197961877,0.031046450467629366
9280,FlexibleCylinder_0,200,100.12208000268167,0.12208000268166463,0.031049521734618415
9300,FlexibleCylinder_0,200,100.12187665916882,0.12187665916882313,0.03105346678447594
9320,FlexibleCylinder_0,200,100.12166341269419,0.1216634126941834,0.031054260779911056
9340,FlexibleCylinder_0,200,100.12142445281413,0.12142445281412563,0.031049323932422844
9360,FlexibleCylinder_0,200,100.12114771200054,0.12114771200053116,0.03104061546767098
9380,FlexibleCylinder_0,200,100.12082615416315,0.12082615416315907,0.031031752685860305
9400,FlexibleCylinder_0,200,100.12045971711888,0.1204597171188702,0.031024638321071288
9420,FlexibleCylinder_0,200,100.12005558810341,0.120055588103408,0.031019023136323372
9440,FlexibleCylinder_0,200,100.11962604970974,0.11962604970974335,0.031014071912000937
9460,FlexibleCylinder_0,200,100.11918542250775,0.11918542250774805,0.031009267265390838
9480,FlexibleCylinder_0,200,100.118741062279,0.1187410622789936,0.031006017438738466
9500,FlexibleCylinder_0,200,100.11829947135314,0.1182994713531369,0.03100463527869253
9520,FlexibleCylinder_0,200,100.11786263926857,0.1178626392685596,0.031003157818995614
9540,FlexibleCylinder_0,200,100.11742335859125,0.11742335859125654,0.0310005211515915
9560,FlexibleCylinder_0,200,100.11697184561883,0.11697184561883435,0.03099940094483487
9580,FlexibleCylinder_0,200,100.1165075121279,0.11650751212788979,0.031001035064800807
9600,FlexibleCylinder_0,200,100.11603084754883,0.11603084754882403,0.031005654711071657
9620,FlexibleCylinder_0,200,100.11553183918826,0.11553183918826632,0.031011668354809487
9640,FlexibleCylinder_0,200,100.11500411376605,0.11500411376604884,0.031015947621275446
9660,FlexibleCylinder_0,200,100.11445042873437,0.11445042873436982,0.031015686056647333
9680,FlexibleCylinder_0,200,100.11388651078268,0.11388651078267507,0.031010171001902335
9700,FlexibleCylinder_0,200,100.11332643230645,0.11332643230644908,0.031001916932206983
9720,FlexibleCylinder_0,200,100.11276893089457,0.11276893089456863,0.03099460261405872
9740,FlexibleCylinder_0,200,100.1122007501016,0.11220075010159242,0.030989830302443105
9760,FlexibleCylinder_0,200,100.11160642618081,0.11160642618080917,0.0309862756196889
9780,FlexibleCylinder_0,200,100.1109808039788,0.11098080397880121,0.030981179781052325
9800,FlexibleCylinder_0,200,100.11032766428579,0.11032766428579416,0.030974715662132894
9820,FlexibleCylinder_0,200,100.1096505942407,0.10965059424070543,0.0309703469009184
9840,FlexibleCylinder_0,200,100.10895287374201,0.10895287374201477,0.030968012610598235
9860,FlexibleCylinder_0,200,100.10824539606159,0.10824539606158738,0.03096642113538949
9880,FlexibleCylinder_0,200,100.10753357124614,0.10753357124614009,0.03096582042490574
9900,FlexibleCylinder_0,200,100.10680971467211,0.10680971467211431,0.030967349712073343
9920,FlexibleCylinder_0,200,100.10606656125108,0.10606656125107676,0.030972239849604635
9940,FlexibleCylinder_0,200,100.10530728025628,0.10530728025628575,0.030979246576727983
9960,FlexibleCylinder_0,200,100.10454354146984,0.1045435414698317,0.030985242055955993
9980,FlexibleCylinder_0,200,100.10378019790033,0.10378019790033917,0.030987809174372074
10000,FlexibleCylinder_0,200,100.10300821926694,0.10300821926693514,0.030986511131409294
10020,FlexibleCylinder_0,200,100.10221587665785,0.10221587665785074,0.030982329734007302
10040,FlexibleCylinder_0,200,100.10139882182114,0.10139882182113885,0.030976534713908106
10060,FlexibleCylinder_0,200,100.10055686428392,0.10055686428392283,0.030970538765400835
10080,FlexibleCylinder_0,200,100.09968907497048,0.0996890749704862,0.03096552373659005
10100,FlexibleCylinder_0,200,100.09879514696755,0.09879514696753972,0.030961168929079342
10120,FlexibleCylinder_0,200,100.09787744150928,0.09787744150928689,0.030956119992538986
10140,FlexibleCylinder_0,200,100.09694220154418,0.09694220154418567,0.030950656649246344
10160,FlexibleCylinder_0,200,100.09599513200332,0.09599513200333053,0.03094684325721455
10180,FlexibleCylinder_0,200,100.09504008342343,0.09504008342342554,0.030945746916798186
10200,FlexibleCylinder_0,200,100.09408701265185,0.09408701265185415,0.030946855142324176
10220,FlexibleCylinder_0,200,100.09314799624211,0.09314799624211481,0.030949585456043347
10240,FlexibleCylinder_0,200,100.0922258145321,0.09222581453209693,0.030953951450673662
10260,FlexibleCylinder_0,200,100.09130632691551,0.0913063269155164,0.030959866342573503
10280,FlexibleCylinder_0,200,100.0903678988091,0.090367898809108,0.030966418045729718
10300,FlexibleCylinder_0,200,100.08940104714846,0.08940104714846117,0.03097174689712516
10320,FlexibleCylinder_0,200,100.08841193693189,0.08841193693189627,0.03097418563791056
10340,FlexibleCylinder_0,200,100.0874139872567,0.08741398725669941,0.030972917885422297
10360,FlexibleCylinder_0,200,100.08642138677432,0.0864213867743244,0.030968281038177562
10380,FlexibleCylinder_0,200,100.0854404554691,0.08544045546910328,0.030962007118740455
10400,FlexibleCylinder_0,200,100.0844610309526,0.08446103095259012,0.03095625015257387
10420,FlexibleCylinder_0,200,100.08346414748776,0.08346414748776232,0.03095176755584949
10440,FlexibleCylinder_0,200,100.08243918823607,0.0824391882360633,0.030947477418099015
10460,FlexibleCylinder_0,200,100.08139034019165,0.08139034019164415,0.030942468820301626
10480,FlexibleCylinder_0,200,100.08032866555126,0.08032866555126482,0.030937932737993612
10500,FlexibleCylinder_0,200,100.0792599805033,0.07925998050329391,0.030935967687394678
10520,FlexibleCylinder_0,200,100.07818620517992,0.07818620517991656,0.030937070476342022
10540,FlexibleCylinder_0,200,100.07710693845067,0.07710693845067573,0.030940120737232117
10560,FlexibleCylinder_0,200,100.07601501541764,0.07601501541764553,0.030944054590975566
10580,FlexibleCylinder_0,200,100.07490356456431,0.07490356456430815,0.03094867361948599
10600,FlexibleCylinder_0,200,100.07377647044895,0.07377647044894325,0.03095425657024442
10620,FlexibleCylinder_0,200,100.0726470547697,0.0726470547697004,0.03096025571263816
10640,FlexibleCylinder_0,200,100.07152766476727,0.07152766476728063,0.03096509650858253
10660,FlexibleCylinder_0,200,100.07041953694538,0.0704195369453833,0.03096716182329827
10680,FlexibleCylinder_0,200,100.0693107443622,0.06931074436220395,0.030965434735998738
10700,FlexibleCylinder_0,200,100.06818787344334,0.06818787344334236,0.030960080057175505
10720,FlexibleCylinder_0,200,100.06704600998785,0.06704600998784935,0.030952858412867063
10740,FlexibleCylinder_0,200,100.06588715787333,0.06588715787333496,0.030946205639083537
10760,FlexibleCylinder_0,200,100.06471391048356,0.06471391048356694,0.030941361810561497
10780,FlexibleCylinder_0,200,100.06352361633613,0.06352361633612437,0.030937795835655632
10800,FlexibleCylinder_0,200,100.0623123702821,0.06231237028210135,0.030934680737240008
10820,FlexibleCylinder_0,200,100.0610819308738,0.06108193087380228,0.030932441077328312
10840,FlexibleCylinder_0,200,100.05984147807472,0.059841478074709714,0.03093222816733363
10860,FlexibleCylinder_0,200,100.05860326454953,0.05860326454953797,0.03093414261016177
10880,FlexibleCylinder_0,200,100.05737813868058,0.05737813868058329,0.030937033419482497
10900,FlexibleCylinder_0,200,100.05617211654824,0.05617211654823716,0.030940268586309706
10920,FlexibleCylinder_0,200,100.05498219612832,0.05498219612832396,0.03094458169097108
10940,FlexibleCylinder_0,200,100.0537965430716,0.05379654307159427,0.0309505712863548
10960,FlexibleCylinder_0,200,100.05260230304602,0.052602303046021606,0.030957030785987463
10980,FlexibleCylinder_0,200,100.05139665745858,0.05139665745858585,0.03096134322311065
11000,FlexibleCylinder_0,200,100.05018639755043,0.05018639755043884,0.030961574452540868
11020,FlexibleCylinder_0,200,100.04897828250607,0.04897828250607001,0.030957895370577287
11040,FlexibleCylinder_0,200,100.04777367094226,0.04777367094225719,0.03095209983465404
11060,FlexibleCylinder_0,200,100.04656758971363,0.046567589713635914,0.030946243444469272
11080,FlexibleCylinder_0,200,100.04535340256788,0.04535340256787874,0.030941617582299578
11100,FlexibleCylinder_0,200,100.04413031824957,0.044130318249568964,0.030938243811612202
11120,FlexibleCylinder_0,200,100.04290330091126,0.04290330091126785,0.03093526843404884
11140,FlexibleCylinder_0,200,100.04167532585898,0.041675325858970026,0.030932199286991875
11160,FlexibleCylinder_0,200,100.04044339650214,0.0404433965021389,0.030929817453402193
11180,FlexibleCylinder_0,200,100.0392014666978,0.03920146669779945,0.030929559080760796
11200,FlexibleCylinder_0,200,100.0379458633155,0.03794586331550086,0.03093177271666977
11220,FlexibleCylinder_0,200,100.03667808800095,0.03667808800095154,0.03093545306210466
11240,FlexibleCylinder_0,200,100.03540333052162,0.03540333052162381,0.03093962545472378
11260,FlexibleCylinder_0,200,100.03412908997706,0.034129089977059573,0.030944161686156765
11280,FlexibleCylinder_0,200,100.03287510420354,0.032875104203538834,0.03094914894349989
11300,FlexibleCylinder_0,200,100.03163493088826,0.03163493088826273,0.030948264832136835
11320,FlexibleCylinder_0,200,100.0303819700561,0.03038197005609151,0.030946699262244727
11340,FlexibleCylinder_0,200,100.02912565621737,0.029125656217380943,0.03094346196939572
11360,FlexibleCylinder_0,200,100.02785722224088,0.027857222240877378,0.030937905759074
11380,FlexibleCylinder_0,200,100.02657833534025,0.02657833534025138,0.03093291292883936
11400,FlexibleCylinder_0,200,100.02529355128107,0.02529355128107123,0.03092776865037343
11420,FlexibleCylinder_0,200,100.02399978855112,0.023999788551121073,0.03092491553408883
11440,FlexibleCylinder_0,200,100.02268736327234,0.022687363272333158,0.03092241970018178
11460,FlexibleCylinder_0,200,100.0213491212622,0.021349121262209697,0.030919441810887488
11480,FlexibleCylinder_0,200,100.01998521009956,0.019985210099566175,0.030916404850003982
11500,FlexibleCylinder_0,200,100.01860370654764,0.018603706547636465,0.03091502746726218
11520,FlexibleCylinder_0,200,100.01721602244173,0.01721602244173522,0.030916514747819472
11540,FlexibleCylinder_0,200,100.01583276293582,0.015832762935810613,0.030920304103514214
11560,FlexibleCylinder_0,200,100.01446372328955,0.01446372328955804,0.030924734501812292
11580,FlexibleCylinder_0,200,100.01311240652855,0.013112406528556133,0.030928893887396395
11600,FlexibleCylinder_0,200,100.01175820119091,0.011758201190915871,0.03093289527234583
11620,FlexibleCylinder_0,200,100.01041258272555,0.010412582725547698,0.030936944411290645
11640,FlexibleCylinder_0,200,100.0090615037064,0.009061503706409818,0.03094040701779697
11660,FlexibleCylinder_0,200,100.00770600260807,0.007706002608078822,0.030941724344382044
11680,FlexibleCylinder_0,200,100.00635570245305,0.0063557024530461435,0.030942113374177675
11700,FlexibleCylinder_0,200,100.00500679066596,0.00500679066596291,0.03093998423855648
11720,FlexibleCylinder_0,200,100.00365667645639,0.00365667645638546,0.03093658443702096
11740,FlexibleCylinder_0,200,100.00230280692439,0.0023028069243924165,0.03093255757246374
11760,FlexibleCylinder_0,200,100.00094389452805,0.0009438945280482778,0.030928734694343322
11780,FlexibleCylinder_0,200,99.99958990231494,-0.00041009768506410354,0.030925275641446297
11800,FlexibleCylinder_0,200,99.99812968541055,-0.0018703145894506605,0.030921216343698602
11820,FlexibleCylinder_0,200,99.99658436762478,-0.003415632375221936,0.03092507568947259
11840,FlexibleCylinder_0,200,99.99497422850573,-0.005025771494280008,0.03094013673592468
11860,FlexibleCylinder_0,200,99.99332361818496,-0.006676381815040414,0.03094376251066071
11880,FlexibleCylinder_0,200,99.99163333931997,-0.008366660680020056,0.030948590498467873
11900,FlexibleCylinder_0,200,99.98993140581209,-0.010068594187915406,0.03095314758696283
11920,FlexibleCylinder_0,200,99.98821607107816,-0.011783928921848008,0.030958675088260598
11940,FlexibleCylinder_0,200,99.98650210296857,-0.01349789703142416,0.030964955241221604
11960,FlexibleCylinder_0,200,99.9847947945227,-0.015205205477302803,0.03097150673322943
11980,FlexibleCylinder_0,200,99.98309606614893,-0.016903933851064562,0.030976454954918287
12000,FlexibleCylinder_0,200,99.98141062796168,-0.018589372038317266,0.030983493230802253
12020,FlexibleCylinder_0,200,99.97974113090109,-0.020258869098904227,0.030987322295682945
12040,FlexibleCylinder_0,200,99.97808877187748,-0.021911228122522,0.03098914647626153
12060,FlexibleCylinder_0,200,99.97643811471762,-0.023561885282374156,0.03098871584987728
12080,FlexibleCylinder_0,200,99.9747574157806,-0.025242584219402935,0.030989831030654755
12100,FlexibleCylinder_0,200,99.97306898897381,-0.026931011026197483,0.030990587619681827
12120,FlexibleCylinder_0,200,99.97141249179764,-0.02858750820236528,0.030991535143701638
12140,FlexibleCylinder_0,200,99.96971992742697,-0.030280072573030954,0.03099189640818635
12160,FlexibleCylinder_0,200,99.9680554917264,-0.03194450827359711,0.030994044112435955
12180,FlexibleCylinder_0,200,99.96642026381645,-0.03357973618355164,0.03099746482192893
12200,FlexibleCylinder_0,200,99.9648054997339,-0.03519450026610721,0.031000800942849842
12220,FlexibleCylinder_0,200,99.96320939680294,-0.036790603197065466,0.03102090059454516
12240,FlexibleCylinder_0,200,99.96161592099502,-0.03838407900498846,0.03102978831037206
12260,FlexibleCylinder_0,200,99.96004766502328,-0.039952334976721814,0.03103968989341931
12280,FlexibleCylinder_0,200,99.95850263177834,-0.04149736822166202,0.031048448881929137
12300,FlexibleCylinder_0,200,99.95696646418281,-0.04303353581718548,0.031058485314276414
12320,FlexibleCylinder_0,200,99.9554399137429,-0.044560086257111844,0.03106694912086652
12340,FlexibleCylinder_0,200,99.95392225365983,-0.046077746340175856,0.031074248466605135
12360,FlexibleCylinder_0,200,99.95241795882421,-0.04758204117578179,0.031078848763144415
12380,FlexibleCylinder_0,200,99.95093139668427,-0.049068603315725025,0.031081249324696254
12400,FlexibleCylinder_0,200,99.94946091013433,-0.05053908986566334,0.031081217635970916
12420,FlexibleCylinder_0,200,99.94799614133862,-0.05200385866138115,0.031081402606272946
12440,FlexibleCylinder_0,200,99.9465783997735,-0.05342160022649503,0.031082726369580475
12460,FlexibleCylinder_0,200,99.94516213374769,-0.05483786625231007,0.03108517227644297
12480,FlexibleCylinder_0,200,99.94378625214904,-0.05621374785095415,0.03108658111775273
12500,FlexibleCylinder_0,200,99.94242975815482,-0.05757024184518826,0.031088311886877787
12520,FlexibleCylinder_0,200,99.94108088424288,-0.0589191157571207,0.031093297152490314
12540,FlexibleCylinder_0,200,99.93972528158156,-0.06027471841844382,0.031094693332317076
12560,FlexibleCylinder_0,200,99.93833543751643,-0.061664562483567234,0.03109967116953066
12580,FlexibleCylinder_0,200,99.93694999471835,-0.06305000528165311,0.031107302902041382
12600,FlexibleCylinder_0,200,99.935598530062,-0.06440146993800744,0.031115302920574073
12620,FlexibleCylinder_0,200,99.93426986045289,-0.06573013954711264,0.031120158765973942
12640,FlexibleCylinder_0,200,99.93296194259725,-0.06703805740275595,0.031127152586595857
12660,FlexibleCylinder_0,200,99.93167368009343,-0.06832631990657533,0.031131982314270897
12680,FlexibleCylinder_0,200,99.930401673985,-0.06959832601499456,0.031135336541980665
12700,FlexibleCylinder_0,200,99.92914383099294,-0.07085616900705931,0.03113701441629052
12720,FlexibleCylinder_0,200,99.92788614210572,-0.07211385789427989,0.031138447350161944
12740,FlexibleCylinder_0,200,99.92664312946502,-0.07335687053498134,0.03113865835522859
12760,FlexibleCylinder_0,200,99.92547535574818,-0.0745246442518243,0.031137735490928225
12780,FlexibleCylinder_0,200,99.92432448526372,-0.07567551473627268,0.031136832767933418
12800,FlexibleCylinder_0,200,99.92316986466035,-0.07683013533964712,0.031132340512257488
12820,FlexibleCylinder_0,200,99.92202064809727,-0.07797935190271976,0.031130923282549343
12840,FlexibleCylinder_0,200,99.92087770213809,-0.07912229786192151,0.031130711693506355
12860,FlexibleCylinder_0,200,99.91977103362285,-0.0802289663771537,0.031132500632998966
12880,FlexibleCylinder_0,200,99.91869601951664,-0.08130398048335265,0.03113826830179143
12900,FlexibleCylinder_0,200,99.91763906443352,-0.08236093556648304,0.031139007103810883
12920,FlexibleCylinder_0,200,99.91660970619766,-0.08339029380233604,0.03114314782092799
12940,FlexibleCylinder_0,200,99.91561759900769,-0.08438240099231119,0.031146188267958348
12960,FlexibleCylinder_0,200,99.91464350221068,-0.08535649778932361,0.031147856671503906
12980,FlexibleCylinder_0,200,99.91370511997704,-0.08629488002296468,0.031149158798565117
13000,FlexibleCylinder_0,200,99.91281866499176,-0.08718133500824571,0.031152558843780088
13020,FlexibleCylinder_0,200,99.91193432161128,-0.08806567838871279,0.031152022366241188
13040,FlexibleCylinder_0,200,99.91105552717812,-0.08894447282187408,0.031150582140418527
13060,FlexibleCylinder_0,200,99.91019836632208,-0.08980163367792023,0.031147546927791408
13080,FlexibleCylinder_0,200,99.90938564358976,-0.09061435641024541,0.031144475651226584
13100,FlexibleCylinder_0,200,99.90862480376043,-0.09137519623956666,0.03114038785057897
13120,FlexibleCylinder_0,200,99.90789271716743,-0.0921072828325719,0.031134983259533826
13140,FlexibleCylinder_0,200,99.90719181010378,-0.09280818989621609,0.031130573355470963
13160,FlexibleCylinder_0,200,99.9065273391642,-0.09347266083579409,0.0311287528620686
13180,FlexibleCylinder_0,200,99.9059091696325,-0.09409083036750722,0.03112889089911539
13200,FlexibleCylinder_0,200,99.90531622522816,-0.09468377477184278,0.031127771664389566
13220,FlexibleCylinder_0,200,99.90473686700574,-0.09526313299426116,0.031127557730421678
13240,FlexibleCylinder_0,200,99.90417852974235,-0.09582147025764985,0.031128661047421697
13260,FlexibleCylinder_0,200,99.90364736649046,-0.09635263350954348,0.03112931881487848
13280,FlexibleCylinder_0,200,99.90314227403913,-0.09685772596087182,0.03113031459545583
13300,FlexibleCylinder_0,200,99.90265734200742,-0.09734265799258529,0.031131049021260147
13320,FlexibleCylinder_0,200,99.90222738240574,-0.09777261759425286,0.031131322024639956
13340,FlexibleCylinder_0,200,99.90185328968377,-0.09814671031622255,0.031131391395891515
13360,FlexibleCylinder_0,200,99.90151094520714,-0.09848905479286184,0.031131095612678326
13380,FlexibleCylinder_0,200,99.90118407138162,-0.09881592861837493,0.031128317947779725
13400,FlexibleCylinder_0,200,99.90088147137439,-0.09911852862561377,0.031124668368566588
13420,FlexibleCylinder_0,200,99.90061003396022,-0.0993899660397841,0.031120221193281214
13440,FlexibleCylinder_0,200,99.90035648934578,-0.09964351065422401,0.031115511811270785
13460,FlexibleCylinder_0,200,99.90012506116248,-0.0998749388375209,0.031110886334147148
13480,FlexibleCylinder_0,200,99.89991927560943,-0.1000807243905701,0.03110707868842413
13500,FlexibleCylinder_0,200,99.8997432517677,-0.1002567482322905,0.031104622162615198
13520,FlexibleCylinder_0,200,99.89959641273718,-0.10040358726281093,0.03110300332230329
13540,FlexibleCylinder_0,200,99.89948647208074,-0.1005135279192633,0.03110122334400655
13560,FlexibleCylinder_0,200,99.89941582235461,-0.10058417764539272,0.031100190251859748
13580,FlexibleCylinder_0,200,99.89937855732406,-0.10062144267594754,0.03110043312116828
13600,FlexibleCylinder_0,200,99.89937424003779,-0.10062575996221083,0.03110004054132929
13620,FlexibleCylinder_0,200,99.89939283170524,-0.10060716829475182,0.031099788112500446
13640,FlexibleCylinder_0,200,99.89942889249915,-0.10057110750084854,0.03110017427903538
13660,FlexibleCylinder_0,200,99.89949340650072,-0.10050659349927753,0.03110102406274255
13680,FlexibleCylinder_0,200,99.89959847233712,-0.10040152766287747,0.031101329163248568
13700,FlexibleCylinder_0,200,99.89976052516664,-0.10023947483336032,0.03110055582095327
13720,FlexibleCylinder_0,200,99.89997723426302,-0.1000227657369755,0.031097656454385534
13740,FlexibleCylinder_0,200,99.90023737774726,-0.09976262225274095,0.031092957228300085
13760,FlexibleCylinder_0,200,99.90052823512843,-0.09947176487156997,0.031088460195397023
13780,FlexibleCylinder_0,200,99.90084522959884,-0.0991547704011608,0.03108385923750498
13800,FlexibleCylinder_0,200,99.90119141099997,-0.09880858900002744,0.031079840361003183
13820,FlexibleCylinder_0,200,99.9015753872968,-0.09842461270319365,0.031076333902008094
13840,FlexibleCylinder_0,200,99.90199499193879,-0.09800500806120269,0.03107394757830382
13860,FlexibleCylinder_0,200,99.90244550521254,-0.09755449478745336,0.031072343145334278
13880,FlexibleCylinder_0,200,99.90293137071988,-0.09706862928010916,0.03107092029405707
13900,FlexibleCylinder_0,200,99.90344521524095,-0.09655478475905198,0.031069720290740684
13920,FlexibleCylinder_0,200,99.9039825989704,-0.09601740102959572,0.0310688725158448
13940,FlexibleCylinder_0,200,99.90455795444811,-0.0954420455518939,0.03106837300881949
13960,FlexibleCylinder_0,200,99.90517942664776,-0.09482057335223879,0.031068208366097153
13980,FlexibleCylinder_0,200,99.90583895462898,-0.09416104537102757,0.031068274703973147
14000,FlexibleCylinder_0,200,99.9065260126148,-0.09347398738519046,0.031068000937391173
14020,FlexibleCylinder_0,200,99.90723386600024,-0.09276613399975535,0.03106747841914271
14040,FlexibleCylinder_0,200,99.90795967395381,-0.09204032604618245,0.031066079468120556
14060,FlexibleCylinder_0,200,99.90870447219517,-0.09129552780482653,0.03106404378236471
14080,FlexibleCylinder_0,200,99.90947342767187,-0.0905265723281351,0.0310613069073326
14100,FlexibleCylinder_0,200,99.91028549807778,-0.08971450192221504,0.031057983941846917
14120,FlexibleCylinder_0,200,99.9111402689879,-0.08885973101211184,0.0310543104910701
14140,FlexibleCylinder_0,200,99.91201952932975,-0.08798047067024607,0.03105006599514048
14160,FlexibleCylinder_0,200,99.91291375190666,-0.08708624809334393,0.03104576392802636
14180,FlexibleCylinder_0,200,99.91382639439799,-0.08617360560201871,0.031042748104677845
14200,FlexibleCylinder_0,200,99.91476509298873,-0.08523490701126646,0.031040791091248698
14220,FlexibleCylinder_0,200,99.91573382291512,-0.08426617708487798,0.03103977908218958
14240,FlexibleCylinder_0,200,99.91673374071537,-0.08326625928462505,0.031039362197221382
14260,FlexibleCylinder_0,200,99.91776137394082,-0.08223862605917578,0.03103912487093365
14280,FlexibleCylinder_0,200,99.91880574569046,-0.08119425430954341,0.031038889159941376
14300,FlexibleCylinder_0,200,99.91985692353477,-0.08014307646523773,0.031038544293540932
14320,FlexibleCylinder_0,200,99.92092600482503,-0.07907399517496728,0.03103838758870223
14340,FlexibleCylinder_0,200,99.92204258459394,-0.07795741540606363,0.031038336809875815
14360,FlexibleCylinder_0,200,99.92321769655179,-0.07678230344821899,0.03103843874067901
14380,FlexibleCylinder_0,200,99.92444134272941,-0.07555865727058825,0.03103753913766747
14400,FlexibleCylinder_0,200,99.92569636805938,-0.07430363194061616,0.031035340603861074
14420,FlexibleCylinder_0,200,99.92696842428042,-0.07303157571957557,0.031032075372371883
14440,FlexibleCylinder_0,200,99.92826024700112,-0.07173975299887843,0.031028327555312655
14460,FlexibleCylinder_0,200,99.92957553605218,-0.0704244639478107,0.0310245356384179
14480,FlexibleCylinder_0,200,99.9309191327668,-0.06908086723319168,0.03102092804710854
14500,FlexibleCylinder_0,200,99.93229495922402,-0.06770504077598274,0.031017640821448127
14520,FlexibleCylinder_0,200,99.93369871105196,-0.06630128894804577,0.031015227308995863
14540,FlexibleCylinder_0,200,99.93512071280139,-0.06487928719860261,0.03101369427112053
14560,FlexibleCylinder_0,200,99.93656161758724,-0.06343838241276234,0.031012418912806126
14580,FlexibleCylinder_0,200,99.93802614635405,-0.06197385364594825,0.031011535154894566
14600,FlexibleCylinder_0,200,99.93952281961514,-0.06047718038486228,0.031010940320312347
14620,FlexibleCylinder_0,200,99.94105838371944,-0.05894161628055729,0.031010316865240098
14640,FlexibleCylinder_0,200,99.94262537086102,-0.05737462913897856,0.031009964672566528
14660,FlexibleCylinder_0,200,99.94420969197192,-0.055790308028084594,0.031010117802728186
14680,FlexibleCylinder_0,200,99.94579829134328,-0.05420170865671468,0.03101047590274789
14700,FlexibleCylinder_0,200,99.94738730164539,-0.052612698354602326,0.03101022933964118
14720,FlexibleCylinder_0,200,99.9489879521066,-0.05101204789339132,0.031009580891771076
14740,FlexibleCylinder_0,200,99.95061212657342,-0.04938787342657959,0.031008272928405682
14760,FlexibleCylinder_0,200,99.9522646953296,-0.047735304670390534,0.031006035872832047
14780,FlexibleCylinder_0,200,99.95394282733724,-0.04605717266275446,0.031002997902041873
14800,FlexibleCylinder_0,200,99.95564084344488,-0.04435915655511692,0.030999500605619647
14820,FlexibleCylinder_0,200,99.95735501475538,-0.04264498524461464,0.03099605769241991
14840,FlexibleCylinder_0,200,99.959086507895,-0.0409134921050035,0.030993052119045544
14860,FlexibleCylinder_0,200,99.96082982498068,-0.03917017501932201,0.030990692533202784
14880,FlexibleCylinder_0,200,99.9625817234424,-0.0374182765576012,0.030989071077759497
14900,FlexibleCylinder_0,200,99.96434664875893,-0.03565335124107278,0.03098778410836017
14920,FlexibleCylinder_0,200,99.96612423025934,-0.03387576974066652,0.030986754054940453
14940,FlexibleCylinder_0,200,99.96790174346577,-0.032098256534228174,0.030986135747175323
14960,FlexibleCylinder_0,200,99.96969045318238,-0.030309546817612942,0.030984974425521644
14980,FlexibleCylinder_0,200,99.97150205651742,-0.028497943482578485,0.03097846955591965
15000,FlexibleCylinder_0,200,99.97335007024986,-0.026649929750129125,0.03097733842142249
15020,FlexibleCylinder_0,200,99.97524541889327,-0.024754581106736513,0.030976086938606425
15040,FlexibleCylinder_0,200,99.9771862430075,-0.022813756992498577,0.030974367131078966
15060,FlexibleCylinder_0,200,99.97916454775999,-0.020835452240011983,0.030971680541005887
15080,FlexibleCylinder_0,200,99.98116766050818,-0.018832339491829365,0.030968251110242404
15100,FlexibleCylinder_0,200,99.98318714926364,-0.016812850736354273,0.03096449910953527
15120,FlexibleCylinder_0,200,99.98522293021671,-0.014777069783295836,0.03096054643207841
15140,FlexibleCylinder_0,200,99.9872776064082,-0.012722393591802484,0.030956391545614637
15160,FlexibleCylinder_0,200,99.98935369548805,-0.010646304511950191,0.03095186823729141
15180,FlexibleCylinder_0,200,99.99145590604543,-0.008544093954567776,0.030947218510197272
15200,FlexibleCylinder_0,200,99.99358529619344,-0.006414703806561874,0.030942714737548754
15220,FlexibleCylinder_0,200,99.99573516257392,-0.004264837426079017,0.03093956145721946
15240,FlexibleCylinder_0,200,99.9979000136578,-0.00209998634219869,0.030936709572033656
15260,FlexibleCylinder_0,200,100.00008469719123,8.469719122234307e-05,0.030933937697754998
15280,FlexibleCylinder_0,200,100.00233948252344,0.0023394825234410365,0.030931127998621306
15300,FlexibleCylinder_0,200,100.00476104929724,0.0047610492972485555,0.030927931787857084
15320,FlexibleCylinder_0,200,100.0072612671937,0.007261267193702461,0.03093352167137034
15340,FlexibleCylinder_0,200,100.00981459043321,0.009814590433215503,0.030937782181769766
15360,FlexibleCylinder_0,200,100.0124026096981,0.012402609698099015,0.030939628725065133
15380,FlexibleCylinder_0,200,100.01501017396293,0.015010173962928136,0.030942750598444577
15400,FlexibleCylinder_0,200,100.01763923648828,0.017639236488273983,0.0309461573758392
15420,FlexibleCylinder_0,200,100.02029158357303,0.020291583573024394,0.030950006360701783
15440,FlexibleCylinder_0,200,100.02296214050268,0.02296214050268261,0.0309532369205242
15460,FlexibleCylinder_0,200,100.02564651115189,0.02564651115189601,0.03095628934381872
15480,FlexibleCylinder_0,200,100.02833559756999,0.028335597569993525,0.030958673723464475
15500,FlexibleCylinder_0,200,100.03102001523641,0.031020015236408408,0.0309609229009714
15520,FlexibleCylinder_0,200,100.03369582363707,0.03369582363707916,0.03096392530198742
15540,FlexibleCylinder_0,200,100.03636894982226,0.03636894982226443,0.030966965817148754
15560,FlexibleCylinder_0,200,100.03905314229908,0.03905314229908761,0.030984485738595868
15580,FlexibleCylinder_0,200,100.04179152589434,0.04179152589434627,0.030992169295914383
15600,FlexibleCylinder_0,200,100.04448748063436,0.04448748063435911,0.0310017378624526
15620,FlexibleCylinder_0,200,100.04723049280217,0.04723049280217683,0.031007104723915886
15640,FlexibleCylinder_0,200,100.04995625810034,0.049956258100335556,0.031015100289891958
15660,FlexibleCylinder_0,200,100.05266541607189,0.05266541607189617,0.031024049969045297
15680,FlexibleCylinder_0,200,100.05536961375729,0.05536961375729352,0.031032555825882147
15700,FlexibleCylinder_0,200,100.05809789067241,0.05809789067241415,0.03104007313433272
15720,FlexibleCylinder_0,200,100.06085945940372,0.060859459403718716,0.031047874657935858
15740,FlexibleCylinder_0,200,100.06363722444952,0.06363722444951646,0.03105623876621307
15760,FlexibleCylinder_0,200,100.06641015028974,0.0664101502897436,0.031063734467282632
15780,FlexibleCylinder_0,200,100.06917498775056,0.06917498775055463,0.031070276951190648
15800,FlexibleCylinder_0,200,100.071930312005,0.07193031200500068,0.03107587558907619
15820,FlexibleCylinder_0,200,100.0746720379661,0.07467203796609091,0.03107966143853764
15840,FlexibleCylinder_0,200,100.0774050298252,0.07740502982520292,0.03108238071721002
15860,FlexibleCylinder_0,200,100.080135775633,0.08013577563299959,0.031084998991269996
15880,FlexibleCylinder_0,200,100.08285214270902,0.08285214270901671,0.03108884405726992
15900,FlexibleCylinder_0,200,100.08556643751734,0.08556643751733764,0.03109298187891653
15920,FlexibleCylinder_0,200,100.08822283139035,0.08822283139036066,0.031097941068908685
15940,FlexibleCylinder_0,200,100.0908673219211,0.0908673219210899,0.031103466144780132
15960,FlexibleCylinder_0,200,100.09350973101576,0.09350973101575048,0.03110898970186513
15980,FlexibleCylinder_0,200,100.09615019711849,0.09615019711848329,0.031109847196432082
16000,FlexibleCylinder_0,200,100.0987850941973,0.09878509419729578,0.031117539892304515
16020,FlexibleCylinder_0,200,100.10140290293698,0.10140290293697622,0.031122628508340664
16040,FlexibleCylinder_0,200,100.1040283765163,0.10402837651630302,0.03112516586604102
16060,FlexibleCylinder_0,200,100.1066576436956,0.10665764369559592,0.031130790047688425
16080,FlexibleCylinder_0,200,100.10926337076798,0.10926337076797192,0.031135920807317013
16100,FlexibleCylinder_0,200,100.11185525249185,0.11185525249185269,0.031138960029108733
16120,FlexibleCylinder_0,200,100.11443578496878,0.11443578496877412,0.031140945472094693
16140,FlexibleCylinder_0,200,100.11698995277362,0.1169899527736175,0.031142494338162085
16160,FlexibleCylinder_0,200,100.11951364991685,0.11951364991684756,0.03114259030220293
16180,FlexibleCylinder_0,200,100.12202158642226,0.12202158642227084,0.031142360269764385
16200,FlexibleCylinder_0,200,100.12452124260717,0.12452124260717617,0.031142943725160816
16220,FlexibleCylinder_0,200,100.12702066114684,0.12702066114684993,0.031147295688427792
16240,FlexibleCylinder_0,200,100.12945613062872,0.12945613062872988,0.03114591196335441
16260,FlexibleCylinder_0,200,100.13183656422568,0.131836564225684,0.031148575716017556
16280,FlexibleCylinder_0,200,100.13419214135259,0.13419214135257843,0.031147700961678158
16300,FlexibleCylinder_0,200,100.13654752360088,0.13654752360088684,0.03114633640544258
16320,FlexibleCylinder_0,200,100.13890174804447,0.13890174804447675,0.031153480598714825
16340,FlexibleCylinder_0,200,100.14122945930977,0.14122945930977315,0.03115961107581943
16360,FlexibleCylinder_0,200,100.14347900686265,0.14347900686264664,0.031163097871284386
16380,FlexibleCylinder_0,200,100.14580188156542,0.14580188156541254,0.03116431360612867
16400,FlexibleCylinder_0,200,100.1481928863104,0.14819288631039212,0.03116823223921288
16420,FlexibleCylinder_0,200,100.15058257277303,0.1505825727730291,0.031169788762858832
16440,FlexibleCylinder_0,200,100.15298075188664,0.15298075188664229,0.031171916617279846
16460,FlexibleCylinder_0,200,100.15537288745175,0.15537288745175454,0.031170875182001557
16480,FlexibleCylinder_0,200,100.15774253695132,0.15774253695131393,0.031170116957067548
16500,FlexibleCylinder_0,200,100.16010178154617,0.16010178154617818,0.031170477488191475
16520,FlexibleCylinder_0,200,100.16246144783965,0.16246144783964048,0.031169675120054734
16540,FlexibleCylinder_0,200,100.16482221634608,0.16482221634608696,0.031167667772540923
16560,FlexibleCylinder_0,200,100.1671649298804,0.1671649298803993,0.031167624724202
16580,FlexibleCylinder_0,200,100.16946127663371,0.16946127663370536,0.031168626061995518
16600,FlexibleCylinder_0,200,100.17172400423647,0.17172400423646456,0.031169045129205212
16620,FlexibleCylinder_0,200,100.17395798436496,0.17395798436496399,0.03116894593799807
16640,FlexibleCylinder_0,200,100.17618547197641,0.17618547197641515,0.03116964711594054
16660,FlexibleCylinder_0,200,100.17840413317039,0.17840413317039044,0.031172481618625545
16680,FlexibleCylinder_0,200,100.18062209369262,0.18062209369262594,0.031175774353845852
16700,FlexibleCylinder_0,200,100.1827523527374,0.18275235273739013,0.03117863544607219
16720,FlexibleCylinder_0,200,100.18500242107889,0.18500242107889026,0.03118021044384357
16740,FlexibleCylinder_0,200,100.1872380163649,0.18723801636489737,0.031182481094564785
16760,FlexibleCylinder_0,200,100.18949598365246,0.18949598365246725,0.031184982443050895
16780,FlexibleCylinder_0,200,100.19177544235673,0.19177544235672436,0.03118393193415926
16800,FlexibleCylinder_0,200,100.19403804132176,0.19403804132175953,0.03118456792632822
16820,FlexibleCylinder_0,200,100.19625247912133,0.196252479121321,0.031182950042360925
16840,FlexibleCylinder_0,200,100.1984270549522,0.19842705495220764,0.031182372922915754
16860,FlexibleCylinder_0,200,100.20059024243785,0.20059024243784973,0.031180378516539767
16880,FlexibleCylinder_0,200,100.2029351062244,0.20293510622440472,0.031176816588184324
16900,FlexibleCylinder_0,200,100.20533281033266,0.2053328103326668,0.031176280086550916
16920,FlexibleCylinder_0,200,100.207759934517,0.20775993451699548,0.031174911405672984
16940,FlexibleCylinder_0,200,100.2101924343532,0.21019243435320703,0.031171190539094538
16960,FlexibleCylinder_0,200,100.2126180357207,0.21261803572069957,0.03117070240188091
16980,FlexibleCylinder_0,200,100.21501188427395,0.21501188427394408,0.031170266112693523
17000,FlexibleCylinder_0,200,100.21741477135917,0.21741477135916776,0.031168180693502745
17020,FlexibleCylinder_0,200,100.21978166698536,0.21978166698535576,0.03116937829106735
17040,FlexibleCylinder_0,200,100.22214725923142,0.2221472592314186,0.031166960137527275
17060,FlexibleCylinder_0,200,100.22448631693985,0.2244863169398408,0.031167609385599104
17080,FlexibleCylinder_0,200,100.22679991501987,0.2267999150198607,0.031166891889931964
17100,FlexibleCylinder_0,200,100.22907623420357,0.22907623420356812,0.03116757763596858
17120,FlexibleCylinder_0,200,100.2313579449488,0.2313579449488014,0.03116434815953568
17140,FlexibleCylinder_0,200,100.23363720488061,0.23363720488060521,0.03116201823979978
17160,FlexibleCylinder_0,200,100.23590263520376,0.23590263520375182,0.031160600655370525
17180,FlexibleCylinder_0,200,100.23809630584365,0.23809630584365513,0.03115846794286913
17200,FlexibleCylinder_0,200,100.24023319060235,0.24023319060234638,0.03115378424149719
17220,FlexibleCylinder_0,200,100.24229738442196,0.24229738442195756,0.031149713412396928
17240,FlexibleCylinder_0,200,100.24431902877909,0.24431902877909037,0.031145456068938086
17260,FlexibleCylinder_0,200,100.24627172772504,0.24627172772504646,0.031144023007758287
17280,FlexibleCylinder_0,200,100.24816772046691,0.24816772046691088,0.031141966105709747
17300,FlexibleCylinder_0,200,100.2500193684387,0.2500193684386931,0.031140217627739462
17320,FlexibleCylinder_0,200,100.25182777708928,0.2518277770892808,0.031138194342239477
17340,FlexibleCylinder_0,200,100.25362206815898,0.25362206815897004,0.031137340361999652
17360,FlexibleCylinder_0,200,100.25542451887793,0.2554245188779299,0.031111760446077837
17380,FlexibleCylinder_0,200,100.25721421427461,0.2572142142746164,0.031134896435415307
17400,FlexibleCylinder_0,200,100.25898069088672,0.25898069088671327,0.031134663242775147
17420,FlexibleCylinder_0,200,100.26074543759846,0.26074543759846486,0.031132392714527127
17440,FlexibleCylinder_0,200,100.26246811296016,0.26246811296016853,0.031131064196805742
17460,FlexibleCylinder_0,200,100.26415270878591,0.2641527087859132,0.031129453101044834
17480,FlexibleCylinder_0,200,100.26580804699954,0.2658080469995384,0.031127481260045928
17500,FlexibleCylinder_0,200,100.26738199167222,0.26738199167223037,0.03112293694820478
17520,FlexibleCylinder_0,200,100.2689976675302,0.2689976675301965,0.03111622853760111
17540,FlexibleCylinder_0,200,100.27067798830245,0.27067798830245354,0.031113956359139168
17560,FlexibleCylinder_0,200,100.2723557174702,0.27235571747021164,0.031110842234970622
17580,FlexibleCylinder_0,200,100.27403173684873,0.27403173684872845,0.031106477560982213
17600,FlexibleCylinder_0,200,100.2757082347612,0.2757082347612006,0.031098609522051308
17620,FlexibleCylinder_0,200,100.27738077317782,0.27738077317782994,0.031096704871729008
17640,FlexibleCylinder_0,200,100.27900993734495,0.2790099373449561,0.031095262635433284
17660,FlexibleCylinder_0,200,100.28058365543622,0.2805836554362232,0.031093241877166024
17680,FlexibleCylinder_0,200,100.28213425902418,0.28213425902417855,0.03109195620576341
17700,FlexibleCylinder_0,200,100.28369215990303,0.2836921599030295,0.031090962258290594
17720,FlexibleCylinder_0,200,100.28522267481371,0.28522267481371694,0.03109146547418461
17740,FlexibleCylinder_0,200,100.28673955849044,0.2867395584904346,0.031092030421583868
17760,FlexibleCylinder_0,200,100.28823993622662,0.2882399362266207,0.031091051643144185
17780,FlexibleCylinder_0,200,100.28975314361732,0.2897531436173223,0.031091606367779863
17800,FlexibleCylinder_0,200,100.29125447284584,0.2912544728458405,0.031091214771380132
17820,FlexibleCylinder_0,200,100.29274572200242,0.2927457220024257,0.031089440206984228
17840,FlexibleCylinder_0,200,100.29417492894032,0.2941749289403177,0.031088240045559632
17860,FlexibleCylinder_0,200,100.29558928986371,0.2955892898637156,0.03108488069637273
17880,FlexibleCylinder_0,200,100.29694171086207,0.29694171086206783,0.031082131990082213
17900,FlexibleCylinder_0,200,100.29825194798407,0.298251947984066,0.031081925880126024
17920,FlexibleCylinder_0,200,100.29951493414035,0.29951493414035296,0.031079549014874443
17940,FlexibleCylinder_0,200,100.30074856597133,0.30074856597133914,0.031078205228608248
17960,FlexibleCylinder_0,200,100.30195230172338,0.30195230172337667,0.031078083148468123
17980,FlexibleCylinder_0,200,100.30311050050804,0.3031105005080395,0.03107810284645153
18000,FlexibleCylinder_0,200,100.30425709630464,0.30425709630463893,0.031079624041524905
18020,FlexibleCylinder_0,200,100.30539645029289,0.30539645029288787,0.031095214907770216
18040,FlexibleCylinder_0,200,100.30649845681036,0.30649845681035903,0.031086390746529566
18060,FlexibleCylinder_0,200,100.30757761640655,0.30757761640654196,0.031089832371668527
18080,FlexibleCylinder_0,200,100.30863935648885,0.3086393564888543,0.031092097707236963
18100,FlexibleCylinder_0,200,100.30967525993016,0.3096752599301583,0.031093542651421925
18120,FlexibleCylinder_0,200,100.31066779704052,0.31066779704052544,0.03109339979136874
18140,FlexibleCylinder_0,200,100.31163035478848,0.31163035478847384,0.031096560816444872
18160,FlexibleCylinder_0,200,100.31263327255772,0.3126332725577178,0.031093432264992296
18180,FlexibleCylinder_0,200,100.3136768966893,0.31367689668930326,0.03109159086897736
18200,FlexibleCylinder_0,200,100.31469272455628,0.31469272455628483,0.031085941962658438
18220,FlexibleCylinder_0,200,100.31569001704378,0.3156900170437786,0.031084452799501297
18240,FlexibleCylinder_0,200,100.3166633482767,0.3166633482767079,0.03108155732270829
18260,FlexibleCylinder_0,200,100.317638045669,0.317638045668993,0.031078500179647292
18280,FlexibleCylinder_0,200,100.31861190469571,0.3186119046957136,0.031077394778180664
18300,FlexibleCylinder_0,200,100.31953227623787,0.3195322762378697,0.03107852290021206
18320,FlexibleCylinder_0,200,100.32040184150638,0.32040184150638706,0.031078582775202493
18340,FlexibleCylinder_0,200,100.32124535585396,0.32124535585395614,0.031078746496063302
18360,FlexibleCylinder_0,200,100.32206700329404,0.32206700329403415,0.031079019055473556
18380,FlexibleCylinder_0,200,100.3228553596126,0.32285535961259976,0.031080355667671204
18400,FlexibleCylinder_0,200,100.32363534826754,0.3236353482675506,0.031080986395304745
18420,FlexibleCylinder_0,200,100.32441550054321,0.32441550054320895,0.031081147890605555
18440,FlexibleCylinder_0,200,100.32521876606086,0.32521876606086003,0.031083095095603565
18460,FlexibleCylinder_0,200,100.32597868155803,0.3259786815580286,0.031082315226183148
18480,FlexibleCylinder_0,200,100.32669280812674,0.3266928081267326,0.031082304729372567
18500,FlexibleCylinder_0,200,100.3274053079362,0.3274053079362035,0.03108145736677093
18520,FlexibleCylinder_0,200,100.32810192535877,0.3281019253587656,0.03107926623392677
18540,FlexibleCylinder_0,200,100.3287505792416,0.3287505792416049,0.03107639674785866
18560,FlexibleCylinder_0,200,100.32935939497187,0.32935939497188066,0.031074001223705655
18580,FlexibleCylinder_0,200,100.32992927387524,0.3299292738752413,0.031071927066637868
18600,FlexibleCylinder_0,200,100.3304681679927,0.33046816799270046,0.031070813965546635
18620,FlexibleCylinder_0,200,100.3309761505577,0.3309761505577052,0.03106901550091459
18640,FlexibleCylinder_0,200,100.33145950994579,0.3314595099457845,0.031068443955987873
18660,FlexibleCylinder_0,200,100.33191333980488,0.331913339804882,0.031068189419451456
18680,FlexibleCylinder_0,200,100.33233569950626,0.33233569950625297,0.031069308120681396
18700,FlexibleCylinder_0,200,100.33272027051734,0.3327202705173442,0.03106736010199685
18720,FlexibleCylinder_0,200,100.33306936756165,0.333069367561646,0.031068553416066957
18740,FlexibleCylinder_0,200,100.33338142844289,0.33338142844288704,0.031070188146138357
18760,FlexibleCylinder_0,200,100.33367938114235,0.3336793811423489,0.03106940268250132
18780,FlexibleCylinder_0,200,100.33394652534037,0.33394652534036956,0.031069722350734085
18800,FlexibleCylinder_0,200,100.33416788694343,0.33416788694342836,0.031071128870603978
18820,FlexibleCylinder_0,200,100.3343668404627,0.33436684046270454,0.031071401890077028
18840,FlexibleCylinder_0,200,100.33454443492124,0.3345444349212398,0.031068727525333385
18860,FlexibleCylinder_0,200,100.33468772749333,0.33468772749332526,0.031067086898138866
18880,FlexibleCylinder_0,200,100.33479959233142,0.33479959233141937,0.031064620036593972
18900,FlexibleCylinder_0,200,100.33487534699098,0.33487534699098676,0.03106131265783113
18920,FlexibleCylinder_0,200,100.33493139642201,0.33493139642200304,0.031059155810595252
18940,FlexibleCylinder_0,200,100.33495069349782,0.33495069349781015,0.031059189518121273
18960,FlexibleCylinder_0,200,100.33491737150362,0.3349173715036266,0.031056801482660244
18980,FlexibleCylinder_0,200,100.3348380751948,0.33483807519478986,0.031055161732723043
19000,FlexibleCylinder_0,200,100.33472912954193,0.3347291295419327,0.031053535886836046
19020,FlexibleCylinder_0,200,100.33458463903622,0.3345846390362215,0.031052342305814457
19040,FlexibleCylinder_0,200,100.33440509526967,0.3344050952696688,0.031052462834274888
19060,FlexibleCylinder_0,200,100.33419339371906,0.3341933937190577,0.031051996069305064
19080,FlexibleCylinder_0,200,100.3339551232429,0.33395512324290055,0.031053092375501315
19100,FlexibleCylinder_0,200,100.33370495896749,0.33370495896748686,0.031053601326614548
19120,FlexibleCylinder_0,200,100.33343480657591,0.33343480657591157,0.031052710594448217
19140,FlexibleCylinder_0,200,100.3331470356854,0.3331470356854045,0.031052693730182244
19160,FlexibleCylinder_0,200,100.33283289876343,0.3328328987634275,0.03105135243902471
19180,FlexibleCylinder_0,200,100.33248927516809,0.3324892751680839,0.031049731402117437
19200,FlexibleCylinder_0,200,100.33213859145808,0.3321385914580691,0.03104686936439285
19220,FlexibleCylinder_0,200,100.33176578445551,0.3317657844555142,0.03104336621607882
19240,FlexibleCylinder_0,200,100.33135443057444,0.3313544305744309,0.03104035134438534
19260,FlexibleCylinder_0,200,100.330902813375,0.33090281337501,0.03103777142979564
19280,FlexibleCylinder_0,200,100.33041337360231,0.33041337360231143,0.031034862740319236
19300,FlexibleCylinder_0,200,100.32988633124212,0.32988633124212796,0.031032000640422185
19320,FlexibleCylinder_0,200,100.3293285617811,0.3293285617810991,0.031029866657795016
19340,FlexibleCylinder_0,200,100.32875000257869,0.3287500025786815,0.031027428988324907
19360,FlexibleCylinder_0,200,100.32815117317783,0.3281511731778341,0.03102577858207796
19380,FlexibleCylinder_0,200,100.32753282329543,0.3275328232954233,0.03102544458871801
19400,FlexibleCylinder_0,200,100.32688722504068,0.3268872250406805,0.031025868153982672
19420,FlexibleCylinder_0,200,100.32620553326495,0.32620553326494983,0.031025802364505042
19440,FlexibleCylinder_0,200,100.32549164572406,0.3254916457240596,0.031025500529374167
19460,FlexibleCylinder_0,200,100.32475803587896,0.32475803587896024,0.03102529037111678
19480,FlexibleCylinder_0,200,100.32400720185991,0.32400720185991916,0.031023839857888324
19500,FlexibleCylinder_0,200,100.32323674454071,0.3232367445407063,0.03102246549407791
19520,FlexibleCylinder_0,200,100.32243978710024,0.32243978710024324,0.03102012740651222
19540,FlexibleCylinder_0,200,100.32161164446033,0.3216116444603365,0.031016816634166316
19560,FlexibleCylinder_0,200,100.32076336369953,0.32076336369952924,0.031013538769148516
19580,FlexibleCylinder_0,200,100.31990285751866,0.31990285751865466,0.031009531885885837
19600,FlexibleCylinder_0,200,100.31902037763456,0.3190203776345597,0.031005809475488717
19620,FlexibleCylinder_0,200,100.31811084131708,0.3181108413170772,0.03100289259223759
19640,FlexibleCylinder_0,200,100.31717260607331,0.3171726060733106,0.031000702578083652
19660,FlexibleCylinder_0,200,100.31620577325481,0.3162057732548026,0.030998600064326302
19680,FlexibleCylinder_0,200,100.31521145447432,0.31521145447432325,0.030996509732846678
19700,FlexibleCylinder_0,200,100.31418932248195,0.3141893224819479,0.030995127327928702
19720,FlexibleCylinder_0,200,100.31314443913261,0.31314443913261963,0.030994804223182917
19740,FlexibleCylinder_0,200,100.3120775514043,0.3120775514043048,0.030995340216532018
19760,FlexibleCylinder_0,200,100.31099650683458,0.3109965068345882,0.030995629936166436
19780,FlexibleCylinder_0,200,100.30986301524423,0.309863015244238,0.030998206803372935
19800,FlexibleCylinder_0,200,100.30867641617793,0.3086764161779364,0.031001174165384077
19820,FlexibleCylinder_0,200,100.30746283140378,0.3074628314037805,0.031003262326147488
19840,FlexibleCylinder_0,200,100.30622627905956,0.3062262790595542,0.031004825698514857
19860,FlexibleCylinder_0,200,100.30497732001085,0.3049773200108494,0.031003913324928512
19880,FlexibleCylinder_0,200,100.30370530825672,0.30370530825672154,0.031004344195435973
19900,FlexibleCylinder_0,200,100.30239126749883,0.3023912674988345,0.0310036688430065
19920,FlexibleCylinder_0,200,100.30102212694813,0.3010221269481315,0.03100314856528281
19940,FlexibleCylinder_0,200,100.29960428803994,0.2996042880399495,0.03100262076186787
19960,FlexibleCylinder_0,200,100.29814455013694,0.2981445501369437,0.03100282370757807
19980,FlexibleCylinder_0,200,100.2966366041599,0.29663660415990195,0.031003754606761958
